SuperCategory,Run_ID,Sample_ID,Label,Score_Original,Score_OnlyRat,Kept_Rationales
alt,0,0,Normal,3.507353176246397e-05,0.003814748488366604,"['periodically', '##vable', 'un', '>', 'several', 'point', '>', 's', 'so', 'religious', 'for', 'metaphysical', 'knowledge', 'by', ""'"", 'alternative', 'months', 'rational', '}', '}', 'mythical', 'hot', 'caught', 'not', 'to']"
alt,0,1,Normal,5.607084312941879e-05,0.0032945817802101374,"['ask', 'god', 'god', 'oath', 'they', '[PAD]', '[PAD]', '[PAD]', '[PAD]', '[PAD]', '[PAD]', '[PAD]', '[PAD]', '[PAD]', '[PAD]', '[PAD]', '[PAD]', '[PAD]', '[PAD]', '[PAD]', '[PAD]', '[PAD]', '[PAD]', '[PAD]', '[PAD]']"
alt,0,2,Normal,4.9685426347423345e-05,0.0039958949200809,"['be', 'can', 'broken', 'made', '##ine', 'been', 'red', 'than', 'promises', '[PAD]', '[PAD]', '[PAD]', '[PAD]', '[PAD]', '[PAD]', '[PAD]', '[PAD]', '[PAD]', '[PAD]', '[PAD]', '[PAD]', '[PAD]', '[PAD]', '[PAD]', '[PAD]']"
alt,0,3,Normal,4.5391785533865914e-05,0.0038109151646494865,"['m', 'must', 'complaining', '[PAD]', '[PAD]', '[PAD]', '[PAD]', '[PAD]', '[PAD]', '[PAD]', '[PAD]', '[PAD]', '[PAD]', '[PAD]', '[PAD]', '[PAD]', '[PAD]', '[PAD]', '[PAD]', '[PAD]', '[PAD]', '[PAD]', '[PAD]', '[PAD]', '[PAD]']"
alt,0,4,Normal,4.388168599689379e-05,0.0033962377347052097,"['to', 'how', 'wonder', 'atheist', 'atheist', ':', 'population', 'lutheran', 'finland', 'god', 'members', 'of', 'with', '90', 'religious', 'minority', 'world', 'could', 'minority', 'is', 'even', 'of', 'since', 'seem', 'be']"
alt,0,160,Anomaly,4.437576717464253e-05,0.0034268044400960207,"[""'"", 's', '##z', 'islamic', 'clergy', 'united', 'duty', 'arabia', 'muslim', 'means', 'iraq', 'lost', 'attack', 'religion', 'it', 'religion', 'and', 'fat', '[PAD]', '[PAD]', '[PAD]', '[PAD]', '[PAD]', '[PAD]', '[PAD]']"
alt,0,161,Anomaly,5.0253649533260614e-05,0.004000119399279356,"['reduced', '>', 'dar', 'why', 'progress', 'is', '##2', 'obvious', '##n', 'marketplace', ')', 'caught', ')', 'by', 'ti', 'already', 'technological', '##o', 'ti', '>', 'of', 'as', '##w', 'purification', 'by']"
alt,0,162,Anomaly,9.231244621332735e-05,0.0033906404860317707,"['useful', 'o', 'price', 'display', 'ken', 'selection', 'deck', 'count', 'mode', 'ken', 'counter', 'stored', 'program', 'ken', 'ram', 'program', 'audio', 'random', 'high', 'digital', 'program', 'k', 'used', 'paid', 'access']"
alt,0,163,Anomaly,0.0001248312764801085,0.003447540570050478,"['bus', '##talk', 'cross', 'gateway', '$', 'at', 'your', 'fit', '[PAD]', '[PAD]', '[PAD]', '[PAD]', '[PAD]', '[PAD]', '[PAD]', '[PAD]', '[PAD]', '[PAD]', '[PAD]', '[PAD]', '[PAD]', '[PAD]', '[PAD]', '[PAD]', '[PAD]']"
alt,0,164,Anomaly,4.5463450078386813e-05,0.0036575503181666136,"['their', 'claim', 'claim', 'issue', 'replied', 'they', 'whether', '##dic', 'whether', 'been', 'detroit', 'claim', 'i', 'had', 'heard', 'claim', '##sley', 'nice', 'about', 'riots', 'is', '67', 'under', 'repeated', 'used']"
alt,1,0,Normal,3.3644071663729846e-05,0.003975153900682926,"['several', '.', 'periodically', ""'"", 'for', 've', 'religious', '.', 'rational', 'point', '##ity', 'mythical', ""'"", 'rational', 'are', '>', '}', '##ity', 'no', 'should', 'knowledge', 'think', '}', '##s', 'when']"
alt,1,1,Normal,7.724198076175526e-05,0.0037229428999125957,"['they', 'courtroom', '?', '[CLS]', '""', 'include', 'california', 'states', '""', '[PAD]', '[PAD]', '[PAD]', '[PAD]', '[PAD]', '[PAD]', '[PAD]', '[PAD]', '[PAD]', '[PAD]', '[PAD]', '[PAD]', '[PAD]', '[PAD]', '[PAD]', '[PAD]']"
alt,1,2,Normal,4.2229479731759056e-05,0.004126775544136763,"['be', 'broken', 'than', 'can', '""', 'made', 'have', 'that', 'shown', '[PAD]', '[PAD]', '[PAD]', '[PAD]', '[PAD]', '[PAD]', '[PAD]', '[PAD]', '[PAD]', '[PAD]', '[PAD]', '[PAD]', '[PAD]', '[PAD]', '[PAD]', '[PAD]']"
alt,1,3,Normal,9.472251986153424e-05,0.0038251192308962345,"['must', 'word', 'm', 'assertion', '""', ""'"", 'containing', 'languages', 'complaining', 'is', '[PAD]', '[PAD]', '[PAD]', '[PAD]', '[PAD]', '[PAD]', '[PAD]', '[PAD]', '[PAD]', '[PAD]', '[PAD]', '[PAD]', '[PAD]', '[PAD]', '[PAD]']"
alt,1,4,Normal,3.8209836930036545e-05,0.003971618600189686,"['to', 'wonder', 'how', 'atheist', 'religious', 'atheist', '##ath', 'minority', 'though', 'the', '%', '##s', '90', ':', 'people', 'minority', 'spec', 'be', 'then', 'seem', 'with', 'population', 'people', 've', 'finland']"
alt,1,160,Anomaly,9.653779852669686e-05,0.0038900808431208134,"[')', 'may', '2', ')', ',', 'exists', 'sequences', '?', 'too', '(', '(', 'csi', '##ter', 'but', 'd', '##ms', 'compatible', 'are', 'must', 'may', 'dc', 'work', 'would', 'and', 'work']"
alt,1,161,Anomaly,8.446989522781223e-05,0.0038492949679493904,"['##s', 'why', 's', 'have', 'expansion', '-', 'american', '.', 'to', '30', '.', 'while', 'role', 'markets', 'continue', 'crucial', '$', 'germany', 'sweden', '""', 'call', 'players', 'moment', 'italy', ""'""]"
alt,1,162,Anomaly,8.275843720184639e-05,0.0037203815300017595,"['and', 'people', 'amounts', 'like', 'and', '.', 'some', '-', '.', ';', '.', 'burn', '##iling', 'here', ')', 'burn', 'people', 'that', 'real', 'out', 'auto', 'auto', 'with', '##tics', 'clutches']"
alt,1,163,Anomaly,8.484967111144215e-05,0.0040691993199288845,"['reasonable', 'charge', 'leather', 'custom', 'dimensions', 's', '-', 'also', 'works', 'make', 'well', '[PAD]', '[PAD]', '[PAD]', '[PAD]', '[PAD]', '[PAD]', '[PAD]', '[PAD]', '[PAD]', '[PAD]', '[PAD]', '[PAD]', '[PAD]', '[PAD]']"
alt,1,164,Anomaly,7.349688530666754e-05,0.003948495723307133,"['posted', 'range', 'million', 'heard', '##rland', 've', '26', 'bo', 'from', 'somewhere', '[PAD]', '[PAD]', '[PAD]', '[PAD]', '[PAD]', '[PAD]', '[PAD]', '[PAD]', '[PAD]', '[PAD]', '[PAD]', '[PAD]', '[PAD]', '[PAD]', '[PAD]']"
alt,2,0,Normal,3.628502963692881e-05,0.0029062831308692694,"['several', 'are', '}', 'caught', 'is', 'no', 'on', 'is', 'for', 'alternative', 'have', 'no', 'metaphysical', 'hot', 'reluctance', 'is', 'should', 'enough', 'mythical', 'wing', 'religious', 'knowledge', 'might', 'alternative', 'it']"
alt,2,1,Normal,6.764479621779174e-05,0.003121810732409358,"['ve', 'california', 'heard', '[PAD]', '[PAD]', '[PAD]', '[PAD]', '[PAD]', '[PAD]', '[PAD]', '[PAD]', '[PAD]', '[PAD]', '[PAD]', '[PAD]', '[PAD]', '[PAD]', '[PAD]', '[PAD]', '[PAD]', '[PAD]', '[PAD]', '[PAD]', '[PAD]', '[PAD]']"
alt,2,2,Normal,4.473768058232963e-05,0.0033636274747550488,"['be', '""', 'made', 'can', 'broken', 'have', 'been', 'everything', '[PAD]', '[PAD]', '[PAD]', '[PAD]', '[PAD]', '[PAD]', '[PAD]', '[PAD]', '[PAD]', '[PAD]', '[PAD]', '[PAD]', '[PAD]', '[PAD]', '[PAD]', '[PAD]', '[PAD]']"
alt,2,3,Normal,5.9706704632844776e-05,0.002454106928780675,"['must', 'word', 'assertion', 'm', 'i', 'verb', 'about', '[PAD]', '[PAD]', '[PAD]', '[PAD]', '[PAD]', '[PAD]', '[PAD]', '[PAD]', '[PAD]', '[PAD]', '[PAD]', '[PAD]', '[PAD]', '[PAD]', '[PAD]', '[PAD]', '[PAD]', '[PAD]']"
alt,2,4,Normal,3.040165756829083e-05,0.0028425129130482674,"['to', 'wonder', 'are', 'case', 'least', '""', 'finland', 'seem', '90', 'are', 'cut', 'how', 'is', 'surprising', 'be', 'large', 'majority', 'out', 'be', 'world', 'many', 'even', 'then', 'spec', ':']"
alt,2,160,Anomaly,4.5130120270187035e-05,0.003913156688213348,"['fans', 'have', 'williams', '##hom', '[PAD]', '[PAD]', '[PAD]', '[PAD]', '[PAD]', '[PAD]', '[PAD]', '[PAD]', '[PAD]', '[PAD]', '[PAD]', '[PAD]', '[PAD]', '[PAD]', '[PAD]', '[PAD]', '[PAD]', '[PAD]', '[PAD]', '[PAD]', '[PAD]']"
alt,2,161,Anomaly,7.486058893846348e-05,0.0029872790910303593,"['cables', '##cting', 'disco', 'hard', 'lot', 'hi', '50', 'foil', 'disk', 'free', 'down', 'have', 'clock', 'some', '25', 'this', 'is', '2', 'by', '40', '##nne', 'to', 'to', 'back', '##h']"
alt,2,162,Anomaly,0.0001527659478597343,0.0019980676006525755,"['?', '[CLS]', '[PAD]', '[PAD]', '[PAD]', '[PAD]', '[PAD]', '[PAD]', '[PAD]', '[PAD]', '[PAD]', '[PAD]', '[PAD]', '[PAD]', '[PAD]', '[PAD]', '[PAD]', '[PAD]', '[PAD]', '[PAD]', '[PAD]', '[PAD]', '[PAD]', '[PAD]', '[PAD]']"
alt,2,163,Anomaly,0.00014018485671840608,0.003799351630732417,"['ed', 'ether', 'ether', 'response', 'adapt', 'virginia', 'sale', '##talk', '[PAD]', '[PAD]', '[PAD]', '[PAD]', '[PAD]', '[PAD]', '[PAD]', '[PAD]', '[PAD]', '[PAD]', '[PAD]', '[PAD]', '[PAD]', '[PAD]', '[PAD]', '[PAD]', '[PAD]']"
alt,2,164,Anomaly,4.61867603007704e-05,0.0019405874190852046,"['craig', 'email', 'reply', 'thanks', 'artist', ',', 'scanned', 'gi', 'is', '[PAD]', '[PAD]', '[PAD]', '[PAD]', '[PAD]', '[PAD]', '[PAD]', '[PAD]', '[PAD]', '[PAD]', '[PAD]', '[PAD]', '[PAD]', '[PAD]', '[PAD]', '[PAD]']"
alt,3,0,Normal,2.2762822482036427e-05,0.0027577418368309736,"['religious', 'now', 'periodically', 'for', 'think', '>', '""', 'is', '}', '>', '""', 'alternative', 'to', 'to', '>', '.', '}', 'when', 'should', 'no', 'metaphysical', 'said', 'so', 'by', 'is']"
alt,3,1,Normal,4.6160148485796526e-05,0.002548506483435631,"['god', 'courtroom', 'ask', 'god', '?', '""', 'states', 'oath', '[PAD]', '[PAD]', '[PAD]', '[PAD]', '[PAD]', '[PAD]', '[PAD]', '[PAD]', '[PAD]', '[PAD]', '[PAD]', '[PAD]', '[PAD]', '[PAD]', '[PAD]', '[PAD]', '[PAD]']"
alt,3,2,Normal,4.3730338802561164e-05,0.0030527166090905666,"['be', '""', 'broken', 'made', '""', 'can', '##ine', '""', 'red', 'have', 'to', 'promises', 'like', '""', '""', '[PAD]', '[PAD]', '[PAD]', '[PAD]', '[PAD]', '[PAD]', '[PAD]', '[PAD]', '[PAD]', '[PAD]']"
alt,3,3,Normal,5.892846456845291e-05,0.0027704962994903326,"['must', 'm', 'word', 'about', 'assertion', 'complaining', '[PAD]', '[PAD]', '[PAD]', '[PAD]', '[PAD]', '[PAD]', '[PAD]', '[PAD]', '[PAD]', '[PAD]', '[PAD]', '[PAD]', '[PAD]', '[PAD]', '[PAD]', '[PAD]', '[PAD]', '[PAD]', '[PAD]']"
alt,3,4,Normal,2.4430613848380744e-05,0.0026439812500029802,"['to', 'seem', 'least', 'religious', 'many', 'be', 'surprising', 'be', 'in', '90', 'then', 'world', 'believe', 'christianity', 'ap', 'atheist', 'actually', 'are', 'about', 'people', 'is', 'since', 'in', 'how', '%']"
alt,3,160,Anomaly,0.00014225405175238848,0.0021617994643747807,"['please', '?', '[PAD]', '[PAD]', '[PAD]', '[PAD]', '[PAD]', '[PAD]', '[PAD]', '[PAD]', '[PAD]', '[PAD]', '[PAD]', '[PAD]', '[PAD]', '[PAD]', '[PAD]', '[PAD]', '[PAD]', '[PAD]', '[PAD]', '[PAD]', '[PAD]', '[PAD]', '[PAD]']"
alt,3,161,Anomaly,5.1758932386292145e-05,0.0025472287088632584,"['of', 'taxi', 'design', 'long', 'as', 'good', 't', 'want', 'grew', 'go', 'cab', 'ride', 'new', 'seats', 'up', 'jump', 'actually', 'many', '-', 'in', ""'"", '-', '##y', 'room', 'fixed']"
alt,3,162,Anomaly,3.150338670820929e-05,0.002763687400147319,"['like', 'new', 'it', 'looks', '50', 'last', 't', 'multimedia', 'pretty', 'pay', 'waited', 'then', 'good', 'machines', 'release', 'price', 'sooner', 'about', 'more', 'say', 'change', 'upon', 'rather', 'this', 'have']"
alt,3,163,Anomaly,8.961922867456451e-05,0.002558586187660694,"['sold', 'classical', 'handel', 'cds', '*', '00', 'extreme', '.', '00', '00', 'just', '*', 'dances', 'for', 'live', '7', '00', 'world', 'live', 'new', ')', ')', '##nick', 'york', '9']"
alt,3,164,Anomaly,3.0520048312610015e-05,0.0028045193757861853,"['##u', 'thanks', 'ed', ')', '(', '##0', 'tam', 'sum', 'what', 'input', 'hong', 'for', 'preference', '##30', '##u', '@', '##6', 'what', '[PAD]', '[PAD]', '[PAD]', '[PAD]', '[PAD]', '[PAD]', '[PAD]']"
alt,4,0,Normal,3.62906139343977e-05,0.005119841545820236,"['several', 'for', 'years', 'religious', 'on', 'knowledge', '}', 'are', 'by', ""'"", 'periodically', 'mythical', 'caught', 'have', '##ate', '##ity', 'prop', 'to', 'charley', 'to', 'is', 've', 'now', 'pops', 'is']"
alt,4,1,Normal,5.06316646351479e-05,0.0050643812865018845,"['oath', 'god', 'god', '[CLS]', 'courtroom', '[PAD]', '[PAD]', '[PAD]', '[PAD]', '[PAD]', '[PAD]', '[PAD]', '[PAD]', '[PAD]', '[PAD]', '[PAD]', '[PAD]', '[PAD]', '[PAD]', '[PAD]', '[PAD]', '[PAD]', '[PAD]', '[PAD]', '[PAD]']"
alt,4,2,Normal,2.872560617106501e-05,0.006345254369080067,"['""', 'be', '[CLS]', 'made', 'broken', 'can', 'have', 'than', 'been', '##ef', '[PAD]', '[PAD]', '[PAD]', '[PAD]', '[PAD]', '[PAD]', '[PAD]', '[PAD]', '[PAD]', '[PAD]', '[PAD]', '[PAD]', '[PAD]', '[PAD]', '[PAD]']"
alt,4,3,Normal,4.365749191492796e-05,0.005913798697292805,"['word', 'must', 'assertion', '[CLS]', 'm', '[PAD]', '[PAD]', '[PAD]', '[PAD]', '[PAD]', '[PAD]', '[PAD]', '[PAD]', '[PAD]', '[PAD]', '[PAD]', '[PAD]', '[PAD]', '[PAD]', '[PAD]', '[PAD]', '[PAD]', '[PAD]', '[PAD]', '[PAD]']"
alt,4,4,Normal,3.88652115361765e-05,0.004489283077418804,"['wonder', 'to', 'how', 'many', 'case', '##s', 'finland', 'out', 'atheist', 'religious', '""', 'the', 'world', 'be', 'majority', 'are', 'minority', 'cut', 'population', '##ulate', 'on', 'the', ':', 'spec', 'been']"
alt,4,160,Anomaly,6.038410356268287e-05,0.005123014561831951,"[',', 'hey', 'shipped', ':', ':', 'the', 'was', 'covered', ':', 'the', 'opened', 'with', 'inc', 'jumper', 'work', 'vendors', 'found', 'the', 'set', 'order', 'bought', 'was', 'a', 'mistake', 'it']"
alt,4,161,Anomaly,7.277418626472354e-05,0.00535635557025671,"[')', '-', '[CLS]', 'major', '##us', '[PAD]', '[PAD]', '[PAD]', '[PAD]', '[PAD]', '[PAD]', '[PAD]', '[PAD]', '[PAD]', '[PAD]', '[PAD]', '[PAD]', '[PAD]', '[PAD]', '[PAD]', '[PAD]', '[PAD]', '[PAD]', '[PAD]', '[PAD]']"
alt,4,162,Anomaly,2.3207265257951804e-05,0.0057652974501252174,"['""', 't', 'didn', 'want', 'mcdonald', 'mcc', '[PAD]', '[PAD]', '[PAD]', '[PAD]', '[PAD]', '[PAD]', '[PAD]', '[PAD]', '[PAD]', '[PAD]', '[PAD]', '[PAD]', '[PAD]', '[PAD]', '[PAD]', '[PAD]', '[PAD]', '[PAD]', '[PAD]']"
alt,4,163,Anomaly,0.00022823252948001027,0.004136703908443451,"['smiley', 'no', '[CLS]', 'bike', '[PAD]', '[PAD]', '[PAD]', '[PAD]', '[PAD]', '[PAD]', '[PAD]', '[PAD]', '[PAD]', '[PAD]', '[PAD]', '[PAD]', '[PAD]', '[PAD]', '[PAD]', '[PAD]', '[PAD]', '[PAD]', '[PAD]', '[PAD]', '[PAD]']"
alt,4,164,Anomaly,0.00010807745275087655,0.004858176223933697,"['[CLS]', '##u', ':', 'pub', 'tres', '-', 'sp', 'news', 'ed', '##ma', '[PAD]', '[PAD]', '[PAD]', '[PAD]', '[PAD]', '[PAD]', '[PAD]', '[PAD]', '[PAD]', '[PAD]', '[PAD]', '[PAD]', '[PAD]', '[PAD]', '[PAD]']"
comp,0,0,Normal,4.494574568525422e-06,0.0007963168900460005,"['have', 'i', '!', 'cd', 'acquired', 'hello', 'bb', '.', 'recently', 'start', 'background', 'mit', '.', '##g', '.', 'to', 'load', 'with', 'a', 'and', 'load', 'feb', '.', 'seems', 'when']"
comp,0,1,Normal,1.0261994702887023e-06,0.0008666009525768459,"['end', 'having', 'something', '.', 'happen', 'unusual', 'first', 'very', 'am', 'i', 'or', 'notorious', '##boot', 'else', 'hard', '.', 'problems', 'on', 'running', '63', 'use', 'version', 'on', 'smart', 'file']"
comp,0,2,Normal,1.2140869785071118e-06,0.0009179332992061973,"['folder', 'superior', 'folder', 'drag', '##s', '##s', 'printing', 'far', 'in', 'win', 'don', 'file', 'don', 't', '##t', 'use', 'and', 'and', 'have', 'fm', 'manager', 'multiple', 'but', '[PAD]', '[PAD]']"
comp,0,3,Normal,1.4949151818655082e-06,0.0008682131883688271,"['all', ',', 'animated', 'what', 'hi', '##yas', 'desktop', 'getting', 'for', '.', 'about', 'advertisement', '.', 'it', '.', 'willing', 'after', 'course', 'give', 'and', ""'"", 'to', 'had', 'installing', 'upon']"
comp,0,4,Normal,5.4987353905744385e-06,0.0009673454333096743,"['nt', 'windows', 'windows', 'mac', 'and', '3', '.', 'wide', 'and', '##n', 'researching', 'or', 'for', 'on', 'characters', '[PAD]', '[PAD]', '[PAD]', '[PAD]', '[PAD]', '[PAD]', '[PAD]', '[PAD]', '[PAD]', '[PAD]']"
comp,0,979,Anomaly,2.2321567030303413e-06,0.0007549826987087727,"['to', 'of', 'you', 'interested', 'protocol', 'for', '.', ')', 'above', 'procedure', '.', 'study', 'in', 'and', 'hopkins', 'this', 'johns', 'requesting', 'manhattan', 'corrections', 'is', 'at', 'between', 'when', 'on']"
comp,0,980,Anomaly,8.575766514695715e-06,0.0006366347661241889,"['paul', 'need', 'cats', 'advice', 'time', 'more', 'course', 'problem', 'rid', 'meals', 'latter', 'eating', 'at', 'get', 'apart', '.', 'great', 'before', 'certainly', 'woman', 'sound', 'wash', '##cal', ',', 'both']"
comp,0,981,Anomaly,5.279036486172117e-06,0.0010011859703809023,"['##master', 'don', 'ruth', 'beast', 'three', 'else', 'reggie', 'dawson', 'w', '##hri', '##x', 'three', 'mcc', 'four', '##s', '[PAD]', '[PAD]', '[PAD]', '[PAD]', '[PAD]', '[PAD]', '[PAD]', '[PAD]', '[PAD]', '[PAD]']"
comp,0,982,Anomaly,1.9086573956883512e-06,0.000828053685836494,"['regards', 'hello', 'all', 'newest', '!', 'haven', ',', 'apologize', 'i', '.', 'new', 'haven', 'job', 'the', 'new', 'into', 'march', 'published', 'lots', '##at', 'i', 'now', 'sites', ',', 'list']"
comp,0,983,Anomaly,5.259721547190566e-06,0.0010027450043708086,"['##avi', 'at', 'either', 'good', 'others', 'david', '##sphere', '##ing', 'isn', '?', 't', 'there', '[PAD]', '[PAD]', '[PAD]', '[PAD]', '[PAD]', '[PAD]', '[PAD]', '[PAD]', '[PAD]', '[PAD]', '[PAD]', '[PAD]', '[PAD]']"
comp,1,0,Normal,1.6612704030194436e-06,7.107850979082286e-05,"['[SEP]', 'the', 'bb', 'ok', '##e', 'and', 'i', ',', '.', 'i', 'the', '.', '.', 'its', '##sum', 'this', 'background', '-', 'm', 'if', '?', 'i', '.', ']', 'des']"
comp,1,1,Normal,6.846900646451104e-07,6.326432048808783e-05,"['[SEP]', '.', 'for', 'anything', 'notorious', '.', 'to', 'a', 'else', 'one', 'more', 'necessary', 'a', 'am', '##s', 'by', 'my', 'read', 'do', '##ing', 'that', 'if', 'i', 'with', '.']"
comp,1,2,Normal,7.635496785951545e-07,0.00010239120456390083,"['[SEP]', '.', 'the', ""'"", 'and', 'multiple', '[PAD]', '[PAD]', '[PAD]', '[PAD]', '[PAD]', '[PAD]', '[PAD]', '[PAD]', '[PAD]', '[PAD]', '[PAD]', '[PAD]', '[PAD]', '[PAD]', '[PAD]', '[PAD]', '[PAD]', '[PAD]', '[PAD]']"
comp,1,3,Normal,7.168147817537829e-07,4.97504515806213e-05,"['[SEP]', '.', 'i', '.', 'my', 'that', 'one', 'concluded', 'twenty', 'the', 'i', 'had', 'i', 'would', 'that', '.', 'the', 'me', 'incompatible', 'even', 'of', 'and', 'me', 'my', 'i']"
comp,1,4,Normal,2.751335841821856e-06,0.00012620328925549984,"['[SEP]', 'i', '##n', 'i', 'or', '##n', '[PAD]', '[PAD]', '[PAD]', '[PAD]', '[PAD]', '[PAD]', '[PAD]', '[PAD]', '[PAD]', '[PAD]', '[PAD]', '[PAD]', '[PAD]', '[PAD]', '[PAD]', '[PAD]', '[PAD]', '[PAD]', '[PAD]']"
comp,1,979,Anomaly,2.4757830487942556e-06,0.0001416959858033806,"['[SEP]', '.', '##mon', '##man', 'has', 'd', 'e', 'potent', ',', 'separate', 'mono', 'volume', 'disk', 'asking', '150', 'high', 'and', 'and', '.', '##ono', 'best', 'excellent', '.', 'sub', '2']"
comp,1,980,Anomaly,4.4686757973977365e-06,6.206256512086838e-05,"['[SEP]', 'certainly', 'i', 'certainly', 'the', 'an', 'and', 'fool', 'would', 'also', 'i', 'on', '""', 'as', '""', 'supposed', 'which', 'that', ',', '.', '.', 'i', 'saying', 'that', 'more']"
comp,1,981,Anomaly,6.993497663643211e-06,0.0002882051048800349,"['morris', ""'"", ',', 'any', 'would', '[PAD]', '[PAD]', '[PAD]', '[PAD]', '[PAD]', '[PAD]', '[PAD]', '[PAD]', '[PAD]', '[PAD]', '[PAD]', '[PAD]', '[PAD]', '[PAD]', '[PAD]', '[PAD]', '[PAD]', '[PAD]', '[PAD]', '[PAD]']"
comp,1,982,Anomaly,8.720558071217965e-07,5.7149161875713617e-05,"['[SEP]', ',', 'a', 'a', 'first', 'and', '##s', 'of', 'than', 'to', 'and', 'a', '?', 'that', '/', 'both', 'cases', ',', 'that', 'up', '""', 'sheet', '?', 'the', '##6']"
comp,1,983,Anomaly,1.3010368093091529e-05,0.00027186627266928554,"['?', '[PAD]', '[PAD]', '[PAD]', '[PAD]', '[PAD]', '[PAD]', '[PAD]', '[PAD]', '[PAD]', '[PAD]', '[PAD]', '[PAD]', '[PAD]', '[PAD]', '[PAD]', '[PAD]', '[PAD]', '[PAD]', '[PAD]', '[PAD]', '[PAD]', '[PAD]', '[PAD]', '[PAD]']"
comp,2,0,Normal,8.602200409768557e-07,0.00012496653653215617,"['i', 'recently', '.', 'feb', 'program', 'hello', '##s', '##g', 'with', 'bb', '-', 'performance', 'it', 'seems', 'when', '-', 'm', '/', 'm', 'to', 'acquired', ',', 'the', 'lot', ',']"
comp,2,1,Normal,1.6246239056272316e-06,0.00025779480347409844,"['very', '63', 'unusual', 'meg', 'am', '.', 'disk', '1', '.', ')', '.', 'am', 'end', 'first', 'windows', 'use', 'something', 'windows', 'smart', 'happen', 'with', 'hard', 'necessary', 'v', 'running']"
comp,2,2,Normal,1.2445550510165049e-06,0.00014097493840381503,"['.', ',', ',', '.', ',', 'desktop', ',', '1', 's', 'with', ""'"", '##s', 'drop', 'win', 'the', 'and', '##t', '##s', 'pc', ""'"", '##4', 'use', ':', 'pc', 'the']"
comp,2,3,Normal,6.701880579385033e-07,0.0002083926519844681,"['##yas', ',', 'hi', 'of', ""'"", '.', 'of', 'what', 'after', 'for', '.', 'gift', 'with', 'install', 'i', 'concluded', 'installing', 'to', 'i', 'list', 'part', ""'"", 'it', 'i', 'my']"
comp,2,4,Normal,3.135739916615421e-07,0.00015924953913781792,"['.', '.', '.', 'wide', ',', 'standard', 'on', ')', ')', 'is', 'researching', 'platform', 'nt', '3', '##n', '##18', 'windows', 'and', '##18', 'level', '##n', 'or', 'what', 'windows', 'and']"
comp,2,979,Anomaly,9.691592595117982e-07,0.00022337186965160072,"['tip', '.', '##um', ',', 'bt', 'pont', '.', '##w', ')', 'cc', 'from', '##bird', 'talking', '##u', '(', 'about', ',', '""', '""', 'with', 'ed', 'am', 'cr', 'cr', 'gary']"
comp,2,980,Anomaly,7.37633627068135e-07,0.00017063762061297894,"['part', 'though', 'crypt', '.', ',', 'about', 'and', ',', 'not', 'for', '""', '.', 'and', 'of', 't', 'scramble', ""'"", ""'"", 'see', '##per', 'hand', 'consider', 'it', '""', 'worried']"
comp,2,981,Anomaly,1.0340951121179387e-05,0.00012348400196060538,"['products', '##c', '""', '-', 'dod', '-', 'appropriate', '[PAD]', '[PAD]', '[PAD]', '[PAD]', '[PAD]', '[PAD]', '[PAD]', '[PAD]', '[PAD]', '[PAD]', '[PAD]', '[PAD]', '[PAD]', '[PAD]', '[PAD]', '[PAD]', '[PAD]', '[PAD]']"
comp,2,982,Anomaly,1.172290239992435e-06,0.00024513009702786803,"['.', 'seminar', '.', 'ste', ',', ',', ',', 'on', 'of', ',', '.', '##ery', ',', '##r', '##ts', 'be', 'nasal', 'do', 'all', '##s', 'or', 'discussed', 'article', 'work', '##se']"
comp,2,983,Anomaly,3.7314555356715573e-06,0.00028282671701163054,"['[PAD]', '[PAD]', '[PAD]', '[PAD]', '[PAD]', '[PAD]', '[PAD]', '[PAD]', '[PAD]', '[PAD]', '[PAD]', '[PAD]', '[PAD]', '[PAD]', '[PAD]', '[PAD]', '[PAD]', '[PAD]', '[PAD]', '[PAD]', '[PAD]', '[PAD]', '[PAD]', '[PAD]', '[PAD]']"
comp,3,0,Normal,2.0741877051477786e-06,0.0001046257239067927,"['have', 'cd', 'recently', 'acquired', 'a', 'all', '.', 'hello', '.', 'the', 'program', 'program', '##f', 'i', '-', '##s', ',', 'the', 'drive', '.', 'the', 'use', 'came', 'bb', '##i']"
comp,3,1,Normal,1.3102951470500557e-06,0.00015026591427158564,"['end', 'unusual', '.', 'am', '.', 'having', '.', '.', 'drive', 'very', '.', 'for', 'happen', 'something', 'necessary', 'mitsubishi', '.', 'hard', 'upon', 'use', 'out', 'windows', 'for', 'file', 'is']"
comp,3,2,Normal,3.375746473466279e-06,9.071694512385875e-05,"['.', 'have', 'the', 't', 'sorry', ',', 'have', 'the', 'win', 'demo', 'for', '3', 'program', 'as', 'features', 'the', ',', 'have', 'multiple', 'and', 'of', 'far', 'which', 'using', 'have']"
comp,3,3,Normal,8.388034302697633e-07,0.0001295905385632068,"['what', 'all', '.', '.', '.', 'animated', 'upon', 'hi', '$', 'concluded', '##yas', 'desktop', 'system', '.', 'questions', 'willing', 'incompatible', '.', 'systems', 'no', 'called', 'for', 't', 'gift', 'of']"
comp,3,4,Normal,1.8924907863038243e-06,8.927793533075601e-05,"['on', 'on', 'nt', 'support', 'for', '.', 'are', 'use', 'multi', 'standard', 'platforms', 'for', 'windows', 'we', 'level', 'for', 'various', 'windows', 'what', 'on', 'to', '##n', 'support', 'platform', 'wide']"
comp,3,979,Anomaly,1.4790011846343987e-05,6.050795127521269e-05,"[',', '23', 'project', '1993', 'april', 'international', '[PAD]', '[PAD]', '[PAD]', '[PAD]', '[PAD]', '[PAD]', '[PAD]', '[PAD]', '[PAD]', '[PAD]', '[PAD]', '[PAD]', '[PAD]', '[PAD]', '[PAD]', '[PAD]', '[PAD]', '[PAD]', '[PAD]']"
comp,3,980,Anomaly,1.91067283594748e-06,0.00011885528510902077,"['.', '.', 'thanks', 'for', 'steven', 'in', ',', 'net', 'pat', 'typing', 'reg', 'that', 'letter', 'go', 'use', 'decide', 'its', 'conquest', 'like', 'contributions', 'can', 'extended', 'invitations', 'them', 'send']"
comp,3,981,Anomaly,6.446555744332727e-06,0.00015816022641956806,"['this', '.', '.', 's', 'in', ""'"", 'right', '.', 'understood', 'racism', 'parallel', 'for', 'and', '.', 'be', 'course', 'racism', 'is', 'gained', 'poor', 'from', 'they', 'persons', 'warrant', 'to']"
comp,3,982,Anomaly,9.192092420562403e-07,0.0001288242929149419,"['question', 'not', 'circuit', 'one', 'so', 'to', 'quick', '-', '-', 'adjustable', 'designated', '.', ',', 'current', 'for', 'voltage', 'you', 'must', 'for', 'adjustable', '.', '%', 'from', 'an', 'class']"
comp,3,983,Anomaly,2.787824996630661e-06,0.00011456583888502792,"[',', 'orbital', 'the', 'from', 'current', 'nora', 'the', 'sets', '1200', '480', 'most', 'updated', '.', 'elements', '240', ')', 'on', '960', '300', ',', 'no', 'line', '06', 'service', 'possible']"
comp,4,0,Normal,1.6116091501316987e-06,0.00034337295801378787,"['cd', 'hello', 'acquired', 'bb', 'feb', 'recently', '31', '##s', 'bb', 'is', 'load', 'mainly', 'load', 'my', 'this', '##q', '2', 'came', '-', 'ex', 'when', 'des', 'running', 'play', 'program']"
comp,4,1,Normal,5.704478098778054e-06,0.0003436888800933957,"['meg', 'unusual', '63', 'first', 'something', 'file', 'time', 'called', 'else', 'necessary', '3', 'more', '##s', '1', 'happen', 'having', 'drive', 'technician', 'very', 'use', '14', 'windows', 'is', 'program', '##boot']"
comp,4,2,Normal,6.734429689458921e-07,0.0003481940948404372,"['win', 'in', 'pc', 'folder', 'use', 'don', 'far', 'desktop', '##s', '##s', 'pc', '##4', 'printing', ':', '[PAD]', '[PAD]', '[PAD]', '[PAD]', '[PAD]', '[PAD]', '[PAD]', '[PAD]', '[PAD]', '[PAD]', '[PAD]']"
comp,4,3,Normal,4.7951853048289195e-06,0.00035677768755704165,"['animated', 'desktop', 'what', 'hi', 'incompatible', 'software', 'would', 'went', 'delta', 'no', 'called', 'willing', '##point', 'software', 'with', ""'"", 'give', 'twenty', 'concluded', 'gift', 'install', 'i', 'installing', 'asking', 'even']"
comp,4,4,Normal,3.289459073130274e-06,0.00038883561501279473,"['nt', 'windows', '1', '?', 'windows', '##n', 'mac', '3', '[PAD]', '[PAD]', '[PAD]', '[PAD]', '[PAD]', '[PAD]', '[PAD]', '[PAD]', '[PAD]', '[PAD]', '[PAD]', '[PAD]', '[PAD]', '[PAD]', '[PAD]', '[PAD]', '[PAD]']"
comp,4,979,Anomaly,3.3901624192367308e-06,0.00037141807842999697,"['no', 'paranoid', ""'"", 'extremely', 'don', '##s', '##d', '##er', 'taxpayers', 'texas', 't', '10', 'in', 'mine', 'person', '-', 'attention', 'con', 'protective', 'not', 'child', 'nor', 'anymore', '##ional', 'government']"
comp,4,980,Anomaly,6.696532636851771e-06,0.0003562138299457729,"['^', '5', '##r', '^', '^', '^', '^', '^', '^', 'lord', '^', 'am', '^', '3', '^', 'judged', 'present', 'world', '##d', 'condemned', '^', '""', 'spirit', '""', '1']"
comp,4,981,Anomaly,3.115223807981238e-05,0.000452138832770288,"['[PAD]', '[PAD]', '[PAD]', '[PAD]', '[PAD]', '[PAD]', '[PAD]', '[PAD]', '[PAD]', '[PAD]', '[PAD]', '[PAD]', '[PAD]', '[PAD]', '[PAD]', '[PAD]', '[PAD]', '[PAD]', '[PAD]', '[PAD]', '[PAD]', '[PAD]', '[PAD]', '[PAD]', '[PAD]']"
comp,4,982,Anomaly,7.637992894160561e-06,0.00036361959064379334,"['jon', 'org', 'service', '##re', 'clinton', '(', 'jon', '##30', 'edward', '|', 'com', 'com', '##z', 'provided', '75', 'administration', '##0', 'shu', '|', 'public', 'com', '##pus', '##5', '[PAD]', '[PAD]']"
comp,4,983,Anomaly,4.058994818478823e-06,0.0003597601898945868,"['tests', 'hello', 'considered', '##tes', 'e', 'write', 'correct', 'i', '##logist', 'here', 'all', 'healthy', 'k', 'their', 'leg', 'weeks', ""'"", 'g', 'they', 'negative', 'l', 'in', 'healthy', 'range', 'fact']"
misc,0,0,Normal,5.039719690103084e-05,0.004217923153191805,"['use', '##net', 'offer', 'like', 'for', 'flooding', 'on', 'through', 'of', 'privately', 'would', 'to', 'advice', 'to', 'whom', 'i', 'put', 'on', 'for', 'up', 'on', '.', 'for', 'those', 'basis']"
misc,0,1,Normal,2.223797855549492e-05,0.004082069732248783,"['expo', '##ctable', '>', 'vhf', '##est', 'proof', 'that', 'ind', 'like', '##t', ',', '##ru', '-', '.', 'dual', '400', 'worth', 'of', '!', ',', '.', ',', 'i', 'is', 'based']"
misc,0,2,Normal,2.097666401823517e-05,0.0038459370844066143,"[',', 'have', 'i', 'hi', 'ko', 'to', 'works', 'for', 'but', 'd', 'one', 'well', 'into', 'rack', 'add', 'intel', 'can', 'at', ""'"", 'alone', 'up', 'with', 'shipping', 'no', '.']"
misc,0,3,Normal,5.140250868862495e-05,0.004301899112761021,"['of', 'so', 'nations', 'along', 'never', 'with', '##nged', 'from', 'cases', '##us', '##s', '.', 'these', 'take', 'are', '##ir', '##s', 'each', 'listed', 'in', 'arm', '##s', 'many', 'for', 'take']"
misc,0,4,Normal,4.0200357034336776e-05,0.003891552332788706,"['*', '*', '*', 'carry', 'that', 'can', 'thus', ')', '.', 'x', 'w', '*', 'b', '.', '*', 'is', 'why', 'x', 'so', '*', 'sony', '*', '*', 'at', '*']"
misc,0,195,Anomaly,3.89398519473616e-05,0.004572119563817978,"['vol', '##vu', 'when', 'rec', 'ever', 'three', 'year', '##ised', 'so', 'another', 'when', 'one', 'from', 'accompanying', 'and', 'having', 'which', 'been', 'far', 'regarding', 'to', 'since', 'stomach', 'is', 'after']"
misc,0,196,Anomaly,6.212019070517272e-05,0.002886188914999366,"['.', 'gone', 'd', '.', '[CLS]', 'me', 'i', 'think', '##ehan', 'not', 'i', 'like', 'see', 'position', 'sabres', '.', '##ehan', '[PAD]', '[PAD]', '[PAD]', '[PAD]', '[PAD]', '[PAD]', '[PAD]', '[PAD]']"
misc,0,197,Anomaly,6.290641613304615e-05,0.0047133443877100945,"['it', 'also', 'id', '##logies', 'above', 'with', 'qur', 'of', 'human', 'split', 'more', 'women', 'does', 'into', 'to', 'against', 'one', 'all', 'out', 'giving', 'argument', 'like', 'also', 'qur', 'would']"
misc,0,198,Anomaly,3.905005723936483e-05,0.004478342831134796,"[']', 'was', 'posting', 'apr', 'following', '00', 'forged', 'from', 'ur', '[', '41', '##group', 'greek', 'sd', '36', '21', 'news', 'name', '@', ']', 'university', 'forged', '[', 'my', 'db']"
misc,0,199,Anomaly,2.378266435698606e-05,0.004498301539570093,"['the', 'quite', 'point', 'the', 'be', 'to', 'when', 'where', 'afterwards', 'shortly', 'in', '(', 'apple', 'with', 'apple', 'con', 'is', 'cheaper', 'when', 'next', 'at', 'at', 'same', 'next', 'no']"
misc,1,0,Normal,4.129181616008282e-05,0.0036266050301492214,"['##net', 'use', 'dear', 'fellow', 'i', 'flooding', '.', 'of', '.', 'on', 'printing', ',', 'privately', '.', 'like', 'on', 'use', '.', 'college', '##net', 'formal', 'not', '.', ',', ',']"
misc,1,1,Normal,4.1556497308192775e-05,0.0034108879044651985,"['expo', 'them', '>', '##t', '##ctable', '1200', '[', '##wat', 'vhf', 'h', ',', 'synth', 'motorola', '400', 'new', '2', '/', '.', 'dual', 'proof', 'motorola', 'or', 'm', 'pluto', '2']"
misc,1,2,Normal,3.477125210338272e-05,0.0035101580433547497,"[',', 'i', 'have', 'ko', '##rg', 'hi', 'all', 'd', '.', '.', 'rack', 'one', 'synthesizer', '.', 'works', '.', '.', ""'"", 'midi', 'it', ')', '(', 'it', 's', 'it']"
misc,1,3,Normal,6.602775829378515e-05,0.0036165739875286818,"['of', 'nations', 'so', 'folder', '##s', 'folder', 'official', 'folder', 'folder', 'united', '.', ')', '.', 'folder', '##nged', 'cases', '##s', 'geneva', 'listed', '60', 'arm', 'regarding', '.', '##ir', 'hi']"
misc,1,4,Normal,5.577651609200984e-05,0.00338995223864913,"['*', '*', '*', '*', '*', '-', '*', '*', 'carry', 'x', '.', 'sony', '100', '*', '.', '*', '.', '5', '*', '*', 'w', 'b', '*', '.', '*']"
misc,1,195,Anomaly,4.390078902360983e-05,0.0034148809500038624,"['for', 'cross', 'com', '##post', '[', 'from', '##p', 'combine', 'template', 'on', '.', ')', '##m', 'article', 'lang', '.', '.', '##ed', '##ste', 'ibm', '.', 'pc', '[', 'r', '.']"
misc,1,196,Anomaly,9.977063746191561e-05,0.003404428018257022,"['##ty', 'm', 'not', ""'"", 'it', 'sure', 'is', 'flu', '-', '##raine', '.', 'prem', '##x', 'mig', '-', '-', '##rogen', 'i', 'gordon', '-', '-', '##p', '-', 'much', '-']"
misc,1,197,Anomaly,3.880243457388133e-05,0.0035096220672130585,"['-', 'that', '93', 'gil', 'nhl', '116', ""'"", 'two', 'i', 'is', 'leading', 'playoffs', '.', 'different', '.', 'since', 'it', '.', 'to', 'it', 'really', 'hartford', 'toronto', 'lacks', 'still']"
misc,1,198,Anomaly,4.4442211219575256e-05,0.0038056669291108847,"['watch', 'mon', 'm', 'exciting', 'detroit', 'classic', 'fan', 'boston', 'series', 'c', 'chicago', '[PAD]', '[PAD]', '[PAD]', '[PAD]', '[PAD]', '[PAD]', '[PAD]', '[PAD]', '[PAD]', '[PAD]', '[PAD]', '[PAD]', '[PAD]', '[PAD]']"
misc,1,199,Anomaly,0.00011199689470231533,0.004136625677347183,"['nl', 'fr', '1', 'phillies', 'best', '[PAD]', '[PAD]', '[PAD]', '[PAD]', '[PAD]', '[PAD]', '[PAD]', '[PAD]', '[PAD]', '[PAD]', '[PAD]', '[PAD]', '[PAD]', '[PAD]', '[PAD]', '[PAD]', '[PAD]', '[PAD]', '[PAD]', '[PAD]']"
misc,2,0,Normal,5.106798198539764e-05,0.0043840715661644936,"['prof', '##net', '.', 'to', 'offer', 'like', '.', 'flooding', 'to', 'fun', 'through', ',', 'of', 'on', 'advice', 'on', 'mail', 'to', 'are', 'who', ',', 'for', 'write', 'printing', 'be']"
misc,2,1,Normal,6.473302346421406e-05,0.003652329556643963,"['##ctable', '##t', '-', '2', 'expo', '##ru', 'proof', '/', 'new', 'h', ',', ',', 'price', '1200', ',', 'bullet', ',', '-', 'pluto', 'it', 'based', 'of', 'new', 'very', '400']"
misc,2,2,Normal,3.987292438978329e-05,0.0041590407490730286,"[',', '.', 'd', 'works', 'have', 'ko', '.', 'for', '##v', 'not', 'with', 'hi', 'it', '##mount', 'well', 'to', '(', 'can', 'to', '.', 'for', 'alone', 'it', '00', 'keyboard']"
misc,2,3,Normal,6.091703471611254e-05,0.0037350961938500404,"['of', '##s', '.', 'are', '.', '##s', 'nations', '.', '##nged', 'for', 'for', '##s', 'regarding', 'geneva', 'folder', '.', 'by', ':', 'along', 'are', 'in', 'price', 'price', 'each', '60']"
misc,2,4,Normal,5.013707050238736e-05,0.003189608920365572,"['x', '.', 'carry', 'can', '*', '*', '*', 'you', '.', 'sony', '*', '[CLS]', ')', 'x', '.', '""', 'small', 'b', 'thus', 'that', 'b', 'at', '*', 'is', '.']"
misc,2,195,Anomaly,4.525107942754403e-05,0.0038311732932925224,"['thor', '[CLS]', '-', 'mark', 'advocacy', '-', 'cross', 'can', '-', '[PAD]', '[PAD]', '[PAD]', '[PAD]', '[PAD]', '[PAD]', '[PAD]', '[PAD]', '[PAD]', '[PAD]', '[PAD]', '[PAD]', '[PAD]', '[PAD]', '[PAD]', '[PAD]']"
misc,2,196,Anomaly,0.00011874574556713924,0.002852422185242176,"['pens', '7', '.', 'and', 'screwed', '!', 'devils', ',', ',', 'penguins', '-', '[PAD]', '[PAD]', '[PAD]', '[PAD]', '[PAD]', '[PAD]', '[PAD]', '[PAD]', '[PAD]', '[PAD]', '[PAD]', '[PAD]', '[PAD]', '[PAD]']"
misc,2,197,Anomaly,0.00019005578360520303,0.003302348079159856,"['you', '[CLS]', 'do', ',', 'be', 'forgiveness', 'thankfully', '.', 'and', 'imperfect', '[PAD]', '[PAD]', '[PAD]', '[PAD]', '[PAD]', '[PAD]', '[PAD]', '[PAD]', '[PAD]', '[PAD]', '[PAD]', '[PAD]', '[PAD]', '[PAD]', '[PAD]']"
misc,2,198,Anomaly,5.1424576668068767e-05,0.004219577647745609,"[',', 'mine', 'although', 'counter', '.', 'there', 'miracle', 'ear', 'like', ',', 'through', 'if', 'invisible', '.', 'to', 'find', 'canal', 's', 'to', ',', '.', ',', 'ear', 'that', 'and']"
misc,2,199,Anomaly,1.743238499329891e-05,0.003187821712344885,"['check', 's', '.', 'image', '##s', 'pal', 'grabbing', '.', 'great', '##1', '[CLS]', 'screen', 'out', '[PAD]', '[PAD]', '[PAD]', '[PAD]', '[PAD]', '[PAD]', '[PAD]', '[PAD]', '[PAD]', '[PAD]', '[PAD]', '[PAD]']"
misc,3,0,Normal,5.498026075656526e-05,0.0017817966872826219,"['##net', 'users', 'flooding', 'college', 'of', 'privately', 'is', 'to', 'on', 'on', 'on', '""', 'fellow', 'not', 'that', 'for', '""', 'information', 'legal', 'i', 'use', 'whom', 'apology', 'printing', 'dear']"
misc,3,1,Normal,2.201794268330559e-05,0.001604187535122037,"['##wat', 'proof', ""'"", 'm', 'expo', '##ctable', '>', 'dual', 'yes', 'h', '##sti', 'motorola', 'synth', '400', 'of', 'or', 'ind', 'pluto', 'price', 'bullet', 'best', '400', '##ru', 'but', 'would']"
misc,3,2,Normal,3.568216925486922e-05,0.0016740791033953428,"[',', 'hi', '##ized', 'ko', ""'"", 'to', 'it', 'rack', 'it', 'have', 'intel', 'what', 'processor', 'with', 'works', '##mount', 've', 'of', 'it', 'it', 'voice', ""'"", 'shipping', 'pitch', 'harmonies']"
misc,3,3,Normal,5.113760198582895e-05,0.002275493461638689,"['folder', 'official', 'york', '.', 'u', 'n', 'of', '##nged', 'dealer', '##us', 'current', 'folder', '##s', 'for', 'folder', 'retail', 'nations', 'not', 'united', 'the', 'in', 'offices', 'geneva', 'arm', 'switzerland']"
misc,3,4,Normal,3.9542457670904696e-05,0.0017346832901239395,"['*', ',', '.', 'it', '*', '.', '*', '*', '*', '*', '2', 'is', '*', '*', '*', 'not', '.', '*', 'w', 'sony', '*', 'new', 'it', '*', '*']"
misc,3,195,Anomaly,4.1554270865162835e-05,0.0018016370013356209,"['well', 'for', 'pardon', 'me', 'to', ""'"", 'sack', '*', 'not', '[', 'ashes', 'those', 'on', 't', 'least', 'to', 'rather', '##cloth', ""'"", 'i', 'and', 'go', 'not', ']', 'tugging']"
misc,3,196,Anomaly,6.058299550204538e-05,0.0016837648581713438,"[':', 've', 'agents', 'agents', '##d', 'david', 'for', '##ians', 'care', 'agents', 'captured', ""'"", 'capturing', 'branch', '##f', 'medical', 'fire', '##f', 'the', 'but', '[PAD]', 'back', 'cease', 'to', 'agreed']"
misc,3,197,Anomaly,4.726810220745392e-05,0.0012821517884731293,"['[CLS]', '##cs', 'rainer', 'rainer', 'info', 'university', 'ed', 'hi', 'h', 'city', '##ber', '##ga', 'spa', 'kansas', '##c', 'le', '##ber', 'r', 'cs', 'resolutions', 'boards', '##k', 'thanks', 'um', 'x']"
misc,3,198,Anomaly,4.9161248171003535e-05,0.0016809299122542143,"['you', 'bun', 'integration', 'ad', 'wrap', 'admit', 'is', 'that', 'come', 'gee', 'administration', 'and', 'and', 'forgot', 'post', 'is', 'in', 'simply', 'ol', '##s', 'on', 'you', 'fee', 'little', 'here']"
misc,3,199,Anomaly,2.335594399482943e-05,0.0017251146491616964,"['mickey', '[CLS]', 'post', '##ete', '##code', 'lower', 'u', 'file', 'encountered', 're', '[PAD]', '[PAD]', '[PAD]', '[PAD]', '[PAD]', '[PAD]', '[PAD]', '[PAD]', '[PAD]', '[PAD]', '[PAD]', '[PAD]', '[PAD]', '[PAD]', '[PAD]']"
misc,4,0,Normal,4.148315929342061e-05,0.0019399498123675585,"['[CLS]', 'but', ',', 'dear', '##net', 'fellow', 'thing', 'offer', 'advice', 'to', 'printing', 'grow', 'intend', 'not', 'business', 'apology', 'information', 'think', 'can', 'flooding', 'you', 'those', 'on', 'advertisement', 'to']"
misc,4,1,Normal,2.670429603313096e-05,0.001912520034238696,"['[CLS]', 'expo', '>', '##ctable', 'them', 'worth', '##est', 'based', '[', '-', 'know', 'very', '-', 'new', '$', ',', '##fied', '>', '##t', 'new', ',', 'pluto', '400', 'dual', 'h']"
misc,4,2,Normal,2.34202561841812e-05,0.0018664225935935974,"['[CLS]', 'all', 'hi', ',', '""', '""', 'not', 'i', 'for', 'add', 'midi', '(', 'intel', '##gible', 'well', 'works', '(', 'for', 'can', 'no', '(', 's', 'd', 'pleasure', 'to']"
misc,4,3,Normal,4.533131141215563e-05,0.0017224474577233195,"['of', '[CLS]', '##s', 'are', 'at', 'each', 'official', 'folder', 'catalog', 'nations', 'descriptive', 'information', 'retail', '.', 'price', 'current', 'retail', 'new', 'the', '(', '##nged', 'geneva', '.', 'not', 'hi']"
misc,4,4,Normal,4.054758755955845e-05,0.0017043610569089651,"['[CLS]', 'you', ')', 'that', 'it', '*', '""', 'can', '""', 'small', 'not', '""', 'excellent', 'it', 'sony', '$', 'it', 'w', '.', 'gets', 'watch', 'is', 'it', 'enough', 'am']"
misc,4,195,Anomaly,5.513065116247162e-05,0.0018541926983743906,"['[CLS]', '-', 'up', 'did', '-', 'eric', '##n', 'mn', 'bring', '.', ')', 'um', 'kevin', '.', 'go', '(', '-', 'rib', 'study', 'left', '-', 'minnesota', '61', '.', '18']"
misc,4,196,Anomaly,8.57320919749327e-05,0.0017451505409553647,"['d', '[CLS]', 'phonetic', 'm', 'a', 'thanks', 'searching', '3', 'knows', 'for', '[PAD]', '[PAD]', '[PAD]', '[PAD]', '[PAD]', '[PAD]', '[PAD]', '[PAD]', '[PAD]', '[PAD]', '[PAD]', '[PAD]', '[PAD]', '[PAD]', '[PAD]']"
misc,4,197,Anomaly,2.3147029423853382e-05,0.0018548350781202316,"['[CLS]', 'endless', 'after', '38', 'debate', '(', 'a', 'apps', ':', '##han', 'enough', 'news', '/', 'fellow', 'whatsoever', 'in', 'en', '##6', 'hearing', 'suggested', 'head', ',', 'name', 'os', 'desire']"
misc,4,198,Anomaly,3.619525523390621e-05,0.0018128304509446025,"['[CLS]', 'm', ':', ""'"", 'it', ',', '##ning', '>', 'looks', 'even', 'dorothy', 'i', 'i', ')', 'out', 'suggestion', 'other', 'long', '.', '(', 'feared', '>', 'is', 'arguing', 'if']"
misc,4,199,Anomaly,4.695550160249695e-05,0.0019226272124797106,"['-', '[CLS]', 'k', '""', '{', '{', '=', '.', 'use', '>', 'if', 'grease', 'just', '.', 'heat', 'sink', 'sandwich', ')', '{', '{', 'or', 'sure', '>', '{', 'desire']"
rec,0,0,Normal,6.99889869792969e-06,0.000345999957062304,"['[CLS]', 'there', 'sac', 'the', 'a', '[PAD]', '[PAD]', '[PAD]', '[PAD]', '[PAD]', '[PAD]', '[PAD]', '[PAD]', '[PAD]', '[PAD]', '[PAD]', '[PAD]', '[PAD]', '[PAD]', '[PAD]', '[PAD]', '[PAD]', '[PAD]', '[PAD]', '[PAD]']"
rec,0,1,Normal,1.7910602764459327e-05,0.0002281386696267873,"['[CLS]', '.', 'address', '[PAD]', '[PAD]', '[PAD]', '[PAD]', '[PAD]', '[PAD]', '[PAD]', '[PAD]', '[PAD]', '[PAD]', '[PAD]', '[PAD]', '[PAD]', '[PAD]', '[PAD]', '[PAD]', '[PAD]', '[PAD]', '[PAD]', '[PAD]', '[PAD]', '[PAD]']"
rec,0,2,Normal,2.707359271880705e-06,7.693053339608014e-05,"['[SEP]', 'on', '[CLS]', 'the', 'a', 'sign', 'the', 'have', 'sign', 'verbal', 'hand', 'other', 'paper', '[PAD]', '[PAD]', '[PAD]', '[PAD]', '[PAD]', '[PAD]', '[PAD]', '[PAD]', '[PAD]', '[PAD]', '[PAD]', '[PAD]']"
rec,0,3,Normal,1.0163778370042564e-06,9.931583190336823e-05,"['[SEP]', 'my', 'that', 'out', 'andrew', 'sorry', 'use', '##ection', 'roster', 'rec', 'money', '##net', 'involved', '""', '.', 'pool', 'pool', 'kevin', 'maclean', 'weeks', 'sac', 'my', 'stevens', 'touched', 'up']"
rec,0,4,Normal,1.964368493645452e-05,0.00010371700045652688,"['[SEP]', 'islanders', '5', 'gm', '4', '##ck', '0', '4', '4', 'springfield', '4', '2', 'gm', 'gm', '4', 'springfield', 'springfield', 'gm', '2', 'cd', '##ck', 'adi', 'providence', 'gm', '3']"
rec,0,796,Anomaly,7.799361810612027e-06,0.0002800555375870317,"['[CLS]', 'i', 'a', 'the', 'god', 'wish', 'welcome', '[PAD]', '[PAD]', '[PAD]', '[PAD]', '[PAD]', '[PAD]', '[PAD]', '[PAD]', '[PAD]', '[PAD]', '[PAD]', '[PAD]', '[PAD]', '[PAD]', '[PAD]', '[PAD]', '[PAD]', '[PAD]']"
rec,0,797,Anomaly,4.924493623548187e-06,0.0002871727920137346,"['the', 'the', 'galactic', 'what', '[CLS]', 'black', 'stars', 'holes', 'closer', 'black', 'fairly', 'holes', 'hyper', 'sauce', 'close', '##space', 'nu', 'col', '##lid', 'that', '##ron', 'reason', 'if', 'pet', '[PAD]']"
rec,0,798,Anomaly,1.9330973373143934e-06,0.0002700492914300412,"['a', 'feels', '[CLS]', 'the', 'a', 'the', 'motion', 'astronaut', '##gal', 'motion', 'the', 'outward', 'cent', 'the', 'constant', '##lessness', '##lessness', 'sensation', 'former', 'gravity', 'discussion', 'either', 'astronauts', 'reply', 'force']"
rec,0,799,Anomaly,5.641251846100204e-06,0.0005456289509311318,"['-', '##yp', '-', '-', 'communication', '-', '-', '-', '-', 'signal', '-', 'thinking', '-', '-', ')', '##cr', 'ff', '-', '-', '-', '-', '-', '-', 'beginning', '-']"
rec,0,800,Anomaly,3.31308001477737e-06,9.105144999921322e-05,"['[SEP]', 'only', 'the', 'effort', '##lly', 'up', 'me', 'is', '1', 'so', 'big', 'i', 'policy', '10', 'seems', 'only', 'consistent', '>', 'his', 'them', 'they', 'go', '##hi', 'tries', 'the']"
rec,1,0,Normal,2.9013258426857647e-06,0.0005275635630823672,"['60', 'number', 'blur', 's', 'stats', 'best', 'sac', 'there', 'far', 'hitting', '[PAD]', '[PAD]', '[PAD]', '[PAD]', '[PAD]', '[PAD]', '[PAD]', '[PAD]', '[PAD]', '[PAD]', '[PAD]', '[PAD]', '[PAD]', '[PAD]', '[PAD]']"
rec,1,1,Normal,7.296767762454692e-06,0.0003232505405321717,"['guess', 'my', '[PAD]', '[PAD]', '[PAD]', '[PAD]', '[PAD]', '[PAD]', '[PAD]', '[PAD]', '[PAD]', '[PAD]', '[PAD]', '[PAD]', '[PAD]', '[PAD]', '[PAD]', '[PAD]', '[PAD]', '[PAD]', '[PAD]', '[PAD]', '[PAD]', '[PAD]', '[PAD]']"
rec,1,2,Normal,2.4880146156647243e-06,0.0005085571901872754,"['paper', 'another', 'ada', 'sign', ',', 'going', 'hand', 'hell', 'on', 'other', 'time', 'going', 'sign', 'thing', '[PAD]', '[PAD]', '[PAD]', '[PAD]', '[PAD]', '[PAD]', '[PAD]', '[PAD]', '[PAD]', '[PAD]', '[PAD]']"
rec,1,3,Normal,4.740407348435838e-06,0.0004343979526311159,"['that', 'note', '.', '.', 'have', '.', 'team', 'about', '[CLS]', 'francis', '.', ',', 'season', 'picked', 'an', 'bt', 'was', 'touched', 'i', 'team', 'kevin', 'stevens', 'i', 'to', '""']"
rec,1,4,Normal,1.2260245966899674e-05,0.0005129842320457101,"['3', '##ron', 'calder', 'cup', 'gm', 'adi', 'results', '0', 'cd', 'full', 'adi', 'cd', 'and', 'adi', 'cd', '[CLS]', 'gm', 'springfield', 'home', 'wings', 'springfield', 'adi', '1993', 'gm', '2']"
rec,1,796,Anomaly,2.266026740471716e-06,0.0006242792587727308,"['wall', 'comfortably', 'brian', '214', '##6', 'gold', '121', 'o', 'alfa', '39', 'great', 'contact', 'o', '3', 'romeo', 'b', '[PAD]', '[PAD]', '[PAD]', '[PAD]', '[PAD]', '[PAD]', '[PAD]', '[PAD]', '[PAD]']"
rec,1,797,Anomaly,6.145399424895004e-07,0.00042752904118970037,"['many', ',', 'have', 'read', 'you', 'about', 'of', 'asked', 'this', 'ex', 'to', '[CLS]', 'too', 'are', 'one', 'tod', 'for', '##s', 'james', 'on', 'issue', 'back', 'permission', 'longer', 'refer']"
rec,1,798,Anomaly,3.3115502446889877e-06,0.00047639632248319685,"['m', ""'"", '##ado', 'true', 'if', '[CLS]', 'searching', ',', '##mar', 'phonetic', 'dip', 'for', '.', '##dl', '#', '#', '#', '#', '#', ':', '3', '#', '#', '#', 'i']"
rec,1,799,Anomaly,2.8032645786879584e-06,0.0005777811165899038,"['#', 'that', '#', '2', '.', '.', '#', 'don', 'system', '.', 'cal', 'advisor', 'off', 'to', 'is', 'professors', 'by', 'when', 'professor', '.', 'are', 'in', 'professor', '|', 'university']"
rec,1,800,Anomaly,9.891710988085833e-07,0.0006662762025371194,"['magnitude', 'bit', 'high', '##izes', 'water', '30', 'i', 'dec', 'doubt', 'acceleration', 'gee', 'using', '##s', 'general', '[PAD]', '[PAD]', '[PAD]', '[PAD]', '[PAD]', '[PAD]', '[PAD]', '[PAD]', '[PAD]', '[PAD]', '[PAD]']"
rec,2,0,Normal,3.4073755159624852e-06,0.0005910093896090984,"['number', 'in', '60', 'stats', 'hitting', 'sac', '##board', 'score', 's', 'below', 'best', 'memory', 'blur', 'the', 'a', '[PAD]', '[PAD]', '[PAD]', '[PAD]', '[PAD]', '[PAD]', '[PAD]', '[PAD]', '[PAD]', '[PAD]']"
rec,2,1,Normal,3.4145109566452447e-06,0.0009880022844299674,"['[CLS]', '[PAD]', '[PAD]', '[PAD]', '[PAD]', '[PAD]', '[PAD]', '[PAD]', '[PAD]', '[PAD]', '[PAD]', '[PAD]', '[PAD]', '[PAD]', '[PAD]', '[PAD]', '[PAD]', '[PAD]', '[PAD]', '[PAD]', '[PAD]', '[PAD]', '[PAD]', '[PAD]', '[PAD]']"
rec,2,2,Normal,1.178504589915974e-06,0.0007588769076392055,"['other', 'proving', 'on', 'sign', 'the', 'sign', 's', 'on', 'fraud', ',', 'hell', 'one', 'one', '[PAD]', '[PAD]', '[PAD]', '[PAD]', '[PAD]', '[PAD]', '[PAD]', '[PAD]', '[PAD]', '[PAD]', '[PAD]', '[PAD]']"
rec,2,3,Normal,1.0508230019468101e-07,0.0008709031390026212,"['that', 'note', 'stevens', 'final', '.', 'francis', 'maclean', 'john', 'kevin', '.', 'well', 'roster', '.', 'sac', 'only', 'all', 'have', 'up', 'pool', 'to', 'touched', '##co', 'andrew', 'pool', 'r']"
rec,2,4,Normal,5.3322881285566837e-05,0.0007979490328580141,"['3', 'adi', 'adi', 'calder', 'adi', '##ron', 'adi', '##ck', 'providence', 'providence', '##ck', '4', 'cd', 'springfield', 'providence', 'results', 'gm', 'springfield', '0', 'gm', '##ck', 'springfield', 'red', 'providence', 'providence']"
rec,2,796,Anomaly,2.66026677309128e-06,0.0007977111963555217,"['?', 'mercy', 'transcript', 'p', 'pass', '##resh', 'news', 'story', '@', 'for', 'm', '##wire', 'evil', 'com', '.', '.', 'radio', 'aired', 'played', 'when', 'tuned', 'think', 'as', '##over', 'even']"
rec,2,797,Anomaly,3.384828460184508e-06,0.000799900502897799,"['tr', 'running', 'thanks', '.', 'windows', 'a', 'stop', '.', '1', 'message', 'on', '.', 'heads', 'past', 'system', 'park', 'integrity', 'weekend', ',', 'today', 'following', 'received', 'sim', 'to', 'application']"
rec,2,798,Anomaly,7.901126991782803e-06,0.0009227904374711215,"['skepticism', 'n', '##sti', '-', '-', '-', '-', 'gordon', '-', '-', 'books', '-', '-', '-', '-', '-', '-', '-', 'peripheral', '-', '-', '-', '-', '-', '|']"
rec,2,799,Anomaly,1.8252226254844572e-06,0.0008337568724527955,"['tick', 'success', '##ix', 'long', 'com', 'works', '##3', 'clock', 'written', 'ok', 'com', 'periods', 'programs', 'locks', 'commercial', 'such', 'find', 'time', 'back', '##m', 'to', 'software', '[PAD]', '[PAD]', '[PAD]']"
rec,2,800,Anomaly,1.4328320503409486e-06,0.0008075303630903363,"['##vert', 'standing', 'please', 'flame', 'printing', '##ises', 'ad', 'doesn', 'long', 'for', 'official', 'custom', 'view', 'new', 'of', '##net', 're', 'announcing', 'know', 'practical', 'just', '##ths', 've', 'commercial', 'rule']"
rec,3,0,Normal,4.369356247480027e-06,0.0016391301760450006,"['i', ""'"", 'stats', 'number', '[PAD]', '[PAD]', '[PAD]', '[PAD]', '[PAD]', '[PAD]', '[PAD]', '[PAD]', '[PAD]', '[PAD]', '[PAD]', '[PAD]', '[PAD]', '[PAD]', '[PAD]', '[PAD]', '[PAD]', '[PAD]', '[PAD]', '[PAD]', '[PAD]']"
rec,3,1,Normal,9.431407306692563e-06,0.0013774939579889178,"['[CLS]', '[PAD]', '[PAD]', '[PAD]', '[PAD]', '[PAD]', '[PAD]', '[PAD]', '[PAD]', '[PAD]', '[PAD]', '[PAD]', '[PAD]', '[PAD]', '[PAD]', '[PAD]', '[PAD]', '[PAD]', '[PAD]', '[PAD]', '[PAD]', '[PAD]', '[PAD]', '[PAD]', '[PAD]']"
rec,3,2,Normal,2.068611138383858e-06,0.0014288623351603746,"[',', 'the', '.', 'proving', 'you', 'hell', 'another', 'fraud', 'were', 'proving', 'on', '[PAD]', '[PAD]', '[PAD]', '[PAD]', '[PAD]', '[PAD]', '[PAD]', '[PAD]', '[PAD]', '[PAD]', '[PAD]', '[PAD]', '[PAD]', '[PAD]']"
rec,3,3,Normal,1.2345739150987356e-06,0.0011998729314655066,"['[CLS]', 'that', 'note', 'an', 'only', 'maclean', 'all', 'absolutely', 'final', 'standings', 'as', 'remember', 'bt', 'rec', 'season', 'start', 'before', 'kevin', 'about', 'own', ',', 'interesting', '.', 'have', 'again']"
rec,3,4,Normal,9.224314453604165e-06,0.0014287203084677458,"['[CLS]', 'springfield', 'full', 'adi', '3', 'nec', '=', 'providence', 'springfield', 'providence', 'springfield', '*', 'providence', 'adi', 'springfield', 'gm', '##ron', 'springfield', 'springfield', 'bruins', 'gm', 'indians', 'providence', 'providence', ':']"
rec,3,796,Anomaly,8.184176181202929e-07,0.001499114092439413,"['[CLS]', ""'"", 'much', '#', 'worth', '#', 'yet', 'sort', '##ols', 'dos', 'off', '0', '/', 'dos', 'nasty', ',', '?', 'worth', 'q', '##to', 'will', 'turned', ',', '##em', 'dos']"
rec,3,797,Anomaly,8.612893793724652e-07,0.0012265737168490887,"['[CLS]', 'tongue', 'chinese', 'here', 'woke', 'up', '##ked', 'tried', 'went', 'at', 'and', 'finally', 'please', 'my', 'great', 'bad', 'pick', 'an', 'taste', 'chinese', '##al', 'eater', 'is', 'story', 'guts']"
rec,3,798,Anomaly,1.9972449081251398e-06,0.0015731984749436378,"['walter', 'several', 'tried', 'then', 'i', '[CLS]', 'to', 'up', 'honestly', ',', 'now', 'un', '.', '[PAD]', '[PAD]', '[PAD]', '[PAD]', '[PAD]', '[PAD]', '[PAD]', '[PAD]', '[PAD]', '[PAD]', '[PAD]', 'were']"
rec,3,799,Anomaly,1.3344523495106841e-06,0.001595601555891335,"['then', 'stuff', 'i', 'doctor', '""', ':', 'stop', 'do', '[PAD]', '[PAD]', '[PAD]', '[PAD]', '[PAD]', '[PAD]', '[PAD]', '[PAD]', '[PAD]', '[PAD]', '[PAD]', '[PAD]', '[PAD]', '[PAD]', '[PAD]', '[PAD]', '[PAD]']"
rec,3,800,Anomaly,1.1806105248979293e-06,0.0012331638718023896,"['[CLS]', 'a', 'affair', 'not', 'affair', '##comb', 'mention', 'were', 'wa', 'last', 'criminal', 'interpretations', 'style', 'weaver', 'those', 'violations', 'business', '##ata', ""'"", 'here', 'see', 'children', 'his', '##co', 'was']"
rec,4,0,Normal,2.0933289306412917e-06,0.0014568197075277567,"['number', '60', '%', '[PAD]', '[PAD]', '[PAD]', '[PAD]', '[PAD]', '[PAD]', '[PAD]', '[PAD]', '[PAD]', '[PAD]', '[PAD]', '[PAD]', '[PAD]', '[PAD]', '[PAD]', '[PAD]', '[PAD]', '[PAD]', '[PAD]', '[PAD]', '[PAD]', '[PAD]']"
rec,4,1,Normal,1.3143551768735051e-05,0.0014286898076534271,"['[PAD]', '[PAD]', '[PAD]', '[PAD]', '[PAD]', '[PAD]', '[PAD]', '[PAD]', '[PAD]', '[PAD]', '[PAD]', '[PAD]', '[PAD]', '[PAD]', '[PAD]', '[PAD]', '[PAD]', '[PAD]', '[PAD]', '[PAD]', '[PAD]', '[PAD]', '[PAD]', '[PAD]', '[PAD]']"
rec,4,2,Normal,9.250721859643818e-07,0.0011978594120591879,"['based', 'other', 'on', 'old', 'once', '##ge', 'sign', 's', 'ada', 'proving', 'sign', 'one', '[PAD]', '[PAD]', '[PAD]', '[PAD]', '[PAD]', '[PAD]', '[PAD]', '[PAD]', '[PAD]', '[PAD]', '[PAD]', '[PAD]', '[PAD]']"
rec,4,3,Normal,2.3313900783250574e-06,0.0010661273263394833,"['that', 'maclean', 'note', 'all', 'h', 'francis', 's', 'season', 'r', 'kevin', 'up', 'final', 'get', 'start', 'decided', 'team', 'money', 'weeks', 'remember', 'have', 'joe', 'pool', 'stevens', 'about', 'john']"
rec,4,4,Normal,3.7204731597739737e-06,0.0011030877940356731,"['3', 'calder', 'results', 'indians', '##ck', 'gm', '3', '##i', 'gm', 'adi', 'cup', 'cd', '##esa', '##ck', 'providence', 'home', '##ck', 'cd', '##i', 'and', '##ron', 'round', 'providence', 'gm', 'vs']"
rec,4,796,Anomaly,1.1732995517377276e-06,0.001178080914542079,"['cafe', 'mig', '##hom', '##raine', 'afterwards', 'sensation', 'around', 'all', 'tingling', 'tennis', 'head', 'then', 'day', 'shape', 'drink', '##rgo', 'hour', 'exercise', 'so', 'm', 'water', 'over', 'played', 'tennis', '##hy']"
rec,4,797,Anomaly,2.6858631372306263e-06,0.0011170478537678719,"['to', 'use', '##rc', 'simply', 'mess', 'caps', 'to', 'requires', 'application', 'all', 'point', 'want', 'as', 'ow', '.', 'specifically', 'x', 'be', 'upper', 'set', 'x', '*', 'able', 'move', '##r']"
rec,4,798,Anomaly,2.9050388548057526e-06,0.0012466516345739365,"['theory', 's', 'ton', 'calling', 'u', 'sexuality', 'survey', 'idea', 'past', 'years', 'news', 'government', '[PAD]', '[PAD]', '[PAD]', '[PAD]', '[PAD]', '[PAD]', '[PAD]', '[PAD]', '[PAD]', '[PAD]', '[PAD]', '[PAD]', '[PAD]']"
rec,4,799,Anomaly,3.0440951377386227e-05,0.0008342486107721925,"['[CLS]', '[PAD]', '[PAD]', '[PAD]', '[PAD]', '[PAD]', '[PAD]', '[PAD]', '[PAD]', '[PAD]', '[PAD]', '[PAD]', '[PAD]', '[PAD]', '[PAD]', '[PAD]', '[PAD]', '[PAD]', '[PAD]', '[PAD]', '[PAD]', '[PAD]', '[PAD]', '[PAD]', '[PAD]']"
rec,4,800,Anomaly,3.290870154160075e-06,0.0011674495181068778,"['debating', '##a', 'translations', 'christianity', 'bible', 'confuse', 'bible', 'port', 'of', 'students', 'need', 'branches', 'count', 'oh', '##s', 'version', 'god', 'serious', 'doctrine', '##int', 'that', 'are', 'too', 'mis', 'other']"
sci,0,0,Normal,9.168666110781487e-07,0.000308136863168329,"['[SEP]', 'give', ',', '.', 'privacy', '.', '.', '.', '.', 'does', '.', '.', 'was', '?', 'would', 'couldn', ""'"", '.', '""', 'don', 'expect', 'fool', 'you', 'even', '[PAD]']"
sci,0,1,Normal,8.326681495418597e-07,9.009581117425114e-05,"['[SEP]', ""'"", '[CLS]', 'was', '.', 'talking', '.', '##uc', 'a', 'attend', 'let', 'the', 'off', 'mark', ""'"", 'mal', 'go', 'about', 'boston', ')', '##p', 'ns', 'wants', '[PAD]', '[PAD]']"
sci,0,2,Normal,1.1952615750487894e-06,0.0003648996935226023,"['[SEP]', '.', 'paper', ',', '.', 'volta', 'sp', 'could', 'in', '(', 'moss', 'zinc', 'disk', '(', 'recall', 'stack', 'zinc', 'scientist', ')', 'copper', 'century', '18th', 'stores', 'zinc', 'you']"
sci,0,3,Normal,1.0526996447879355e-06,0.0002935752272605896,"['[SEP]', '.', 'computers', '.', ',', 'where', '.', '.', 'space', '.', ',', ',', ',', '.', ',', 'or', ':', ',', ':', 'nasa', 'email', 'nasa', ',', ',', '55']"
sci,0,4,Normal,3.2960690532490844e-06,0.00012487803178373724,"['[SEP]', 'is', '[CLS]', 'life', 'if', 'your', '[PAD]', '[PAD]', '[PAD]', '[PAD]', '[PAD]', '[PAD]', '[PAD]', '[PAD]', '[PAD]', '[PAD]', '[PAD]', '[PAD]', '[PAD]', '[PAD]', '[PAD]', '[PAD]', '[PAD]', '[PAD]', '[PAD]']"
sci,0,791,Anomaly,3.455175829003565e-06,0.00013604592822957784,"['[SEP]', 'lo', '.', '.', 'bastard', '.', '.', 'up', 'the', 'her', '.', '.', '.', 'ride', 'and', 'ride', ',', 'to', 'on', 'the', 'thermal', 'was', '.', 'rest', 'of']"
sci,0,792,Anomaly,2.2482779513666173e-06,0.00030735041946172714,"['[SEP]', '.', '.', '.', '##hol', '.', 'jeff', 'etc', 'fen', 'i', 'what', 'black', '##cho', 'of', 'seen', 'i', 'have', ""'"", '.', 'didn', 'were', 'it', '##bang', 'and', 'for']"
sci,0,793,Anomaly,1.125735593632271e-06,0.00011984333104919642,"['[SEP]', 'and', 'ways', '[CLS]', '.', ',', 'and', 'the', 'that', 'purchase', 'the', 'suffering', 'of', 'if', 'of', 'much', '##ac', '##arm', '[PAD]', '[PAD]', '[PAD]', '[PAD]', '[PAD]', '[PAD]', '[PAD]']"
sci,0,794,Anomaly,1.2367750059638638e-05,0.00014876321074552834,"['[SEP]', 'two', '.', ',', 'the', '.', '.', 'english', 'identified', 'recent', ',', 'several', 'old', ',', 'but', '1400', 'a', 'with', 'pagan', ""'"", 'history', ',', ""'"", 'english', 'with']"
sci,0,795,Anomaly,2.4072455744317267e-06,0.00012629132834263146,"['[SEP]', '[CLS]', '##ets', '(', 'chips', 'companion', ')', '##isa', '[PAD]', '[PAD]', '[PAD]', '[PAD]', '[PAD]', '[PAD]', '[PAD]', '[PAD]', '[PAD]', '[PAD]', '[PAD]', '[PAD]', '[PAD]', '[PAD]', '[PAD]', '[PAD]', '[PAD]']"
sci,1,0,Normal,2.8170134669380786e-07,0.00019761675503104925,"['not', 'absolute', 'it', 'to', '##pro', '.', 'to', 'use', 'indicators', '##ate', 'which', '.', 'and', 'the', 'how', 'this', '.', 'allowing', 'about', 'multi', 'with', 'privacy', 'inter', 'cy', 'from']"
sci,1,1,Normal,1.8857988379750168e-06,0.00013027104432694614,"['attend', '##rea', 're', 'u', 'ns', 'was', 'sci', 'keep', 'hand', 'off', '##line', 'forgetting', 'feed', 'the', 'to', 'by', 'log', 'honest', '.', '##uc', '##s', 'especially', '##p', 'to', 'area']"
sci,1,2,Normal,3.7421186789288186e-06,0.00020304438658058643,"['.', '##te', 'in', 'lemon', 'recall', 'to', 'moss', ')', 'penn', 'sell', '(', 'active', 'use', '##tric', '.', 'ar', 'on', 'coated', '##zed', 'volta', 'prevent', 'build', 'hardware', 'acid', 'zinc']"
sci,1,3,Normal,3.7337918001867365e-06,0.00017132933135144413,"['##cr', 'are', 'in', '.', 'government', 'large', 'international', 'that', ',', '##acies', 'nasa', 'jan', 'basic', 'around', 'pr', 'or', 'consider', 'bureau', 'info', 'esa', 'activities', 'general', 'us', 'means', 'requests']"
sci,1,4,Normal,4.7704843382234685e-06,0.0001746330235619098,"['sufficiently', 'is', 'personal', 'statement', 'life', 'privacy', 'conclusion', '[PAD]', '[PAD]', '[PAD]', '[PAD]', '[PAD]', '[PAD]', '[PAD]', '[PAD]', '[PAD]', '[PAD]', '[PAD]', '[PAD]', '[PAD]', '[PAD]', '[PAD]', '[PAD]', '[PAD]', '[PAD]']"
sci,1,791,Anomaly,1.2000980859738775e-05,0.0001670199999352917,"['0', '##isa', '.', '##isa', '##har', 'e', 'by', 'isa', '.', '##isa', 'anderson', 'system', 'minds', 'isa', '/', '.', 'shan', ',', 'e', 'isa', ':', 'architecture', '1993', '.', '.']"
sci,1,792,Anomaly,1.6258859432127792e-06,0.00017825962277129292,"['[CLS]', 'sample', '##l', 'in', 'intersecting', ',', '-', 'poly', 'sp', ',', 'want', 'graphics', 'in', '##16', '390', 'poly', 'book', 'the', '##gon', '[PAD]', '[PAD]', '[PAD]', '[PAD]', '[PAD]', '[PAD]']"
sci,1,793,Anomaly,2.2735057427780703e-06,0.0001260015123989433,"['fix', '##back', '[CLS]', 'dive', 'installed', 'shocks', 'adjust', 'mad', 'springs', 'made', 'like', '750', '550', '.', 'on', 'improvement', 'much', 'progressive', 'difference', '.', 'are', '##py', ',', '##11', 'huge']"
sci,1,794,Anomaly,2.172065933336853e-06,0.0001815881405491382,"['inc', 'for', 'use', 'remember', 'years', 'on', 'like', '##net', ':', '.', 'racist', '-', '-', 'because', 'trip', 'racist', 'being', ',', 'debate', '##e', '-', 'posted', '-', 'quite', '-']"
sci,1,795,Anomaly,1.6987532944767736e-06,0.0001956065825652331,"['ins', 'instruction', 'as', 'rep', 'rep', '286', 'use', 'instruction', 'efficient', 'ins', 'cycles', 'single', 'fast', 'as', '[', 'memory', 'critical', 'controller', ')', 'cache', '(', 'computing', 'buffer', ',', 'the']"
sci,2,0,Normal,1.2724357247861917e-06,0.0004211180203128606,"['not', '[CLS]', 'i', 'capitalist', 'this', 'still', 'anyone', 'mostly', 'about', 'is', 'absolute', 'to', 'up', 'economy', 'a', '.', '[PAD]', '[PAD]', '[PAD]', '[PAD]', '[PAD]', '[PAD]', '[PAD]', '[PAD]', '[PAD]']"
sci,2,1,Normal,4.433910362422466e-06,0.0005058326059952378,"['re', 'attend', 'forgetting', 'chapter', 'wants', 'off', 'anybody', 'hand', '[PAD]', '[PAD]', '[PAD]', '[PAD]', '[PAD]', '[PAD]', '[PAD]', '[PAD]', '[PAD]', '[PAD]', '[PAD]', '[PAD]', '[PAD]', '[PAD]', '[PAD]', '[PAD]', '[PAD]']"
sci,2,2,Normal,1.0386884241597727e-05,0.00041478266939520836,"['you', 'batteries', 'volta', 'copper', 'copper', 'zinc', '(', 'lemon', 'sp', 'acid', 'soaked', '18th', 'penn', 'disk', '(', 'in', 'electro', 'disk', 'century', 'zinc', 'ci', '[CLS]', '>', ')', 'ing']"
sci,2,3,Normal,7.326215836656047e-06,0.0004440236953087151,"['are', 'email', 'archive', 'get', 'nasa', 'you', ':', 'will', 'data', ',', 'not', 'last', '38', 'nearest', 'name', 'contact', 'any', 'center', 'grants', 'other', 'summer', 'typically', '04', '01', 'by']"
sci,2,4,Normal,5.930988663749304e-06,0.0004448798135854304,"['[CLS]', ',', ')', 'logical', '[PAD]', '[PAD]', '[PAD]', '[PAD]', '[PAD]', '[PAD]', '[PAD]', '[PAD]', '[PAD]', '[PAD]', '[PAD]', '[PAD]', '[PAD]', '[PAD]', '[PAD]', '[PAD]', '[PAD]', '[PAD]', '[PAD]', '[PAD]', '[PAD]']"
sci,2,791,Anomaly,1.7422313476345153e-06,0.0003997577296104282,"['with', 'uploaded', 'email', 'drivers', 'to', 'you', 'the', 'up', 'as', 'unable', ')', 'card', 'sites', 'can', 'v', 'windows', 'me', 'downloaded', '##n', 'to', 'night', '[CLS]', '##24', '##ca', 'directory']"
sci,2,792,Anomaly,1.0191357432631776e-05,0.00047025937237776816,"['watch', '?', 'you', '[CLS]', '?', '?', '[PAD]', '[PAD]', '[PAD]', '[PAD]', '[PAD]', '[PAD]', '[PAD]', '[PAD]', '[PAD]', '[PAD]', '[PAD]', '[PAD]', '[PAD]', '[PAD]', '[PAD]', '[PAD]', '[PAD]', '[PAD]', '[PAD]']"
sci,2,793,Anomaly,5.340498319128528e-06,0.00046991684939712286,"['[CLS]', '##lace', 'sale', '[PAD]', '[PAD]', '[PAD]', '[PAD]', '[PAD]', '[PAD]', '[PAD]', '[PAD]', '[PAD]', '[PAD]', '[PAD]', '[PAD]', '[PAD]', '[PAD]', '[PAD]', '[PAD]', '[PAD]', '[PAD]', '[PAD]', '[PAD]', '[PAD]', '[PAD]']"
sci,2,794,Anomaly,8.971244824351743e-06,0.0004413645947352052,"['[CLS]', 'so', '[PAD]', '[PAD]', '[PAD]', '[PAD]', '[PAD]', '[PAD]', '[PAD]', '[PAD]', '[PAD]', '[PAD]', '[PAD]', '[PAD]', '[PAD]', '[PAD]', '[PAD]', '[PAD]', '[PAD]', '[PAD]', '[PAD]', '[PAD]', '[PAD]', '[PAD]', '[PAD]']"
sci,2,795,Anomaly,1.2455678188416641e-05,0.00046858747373335063,"['rd', 'pts', '##ley', 'ho', '##us', 'what', 'vincent', 'andrey', 'dave', 'is', 'maple', '##leaf', 'find', '106', 'mo', 'r', 'l', 'l', 'r', '6', 'i', 'alexander', '##chuk', 'sabres', '##re']"
sci,3,0,Normal,4.667298867389036e-07,0.00014670910604763776,"['not', '.', 'absolute', 'announcement', '.', '.', 'indicators', 'it', '.', 'the', 'front', '.', ',', 'and', '[CLS]', 'just', 'is', 'about', '.', 'this', 'would', '##oper', 'a', '.', 'cy']"
sci,3,1,Normal,7.448625751749205e-07,0.0003117891028523445,"[')', 'attend', '.', 're', '##rea', 'keep', '-', ""'"", '.', 'forgetting', 'who', '##ders', 'boston', 'u', 'i', '##line', 'in', 'also', 'out', '(', '.', 'who', '##p', 'have', 'mal']"
sci,3,2,Normal,9.582468010194134e-07,0.0003355761291459203,"['.', 'you', 'and', '.', 'in', 'batteries', 'recall', 'copper', 'use', '##te', 'could', '##ian', '(', 'penn', 'this', '.', 'copper', 'electro', 'zinc', 'copper', '##te', 'lemon', '##t', 'active', 'here']"
sci,3,3,Normal,1.3281487554195337e-06,0.00025408025248907506,"['are', 'name', ':', 'addresses', '/', 'nasa', '.', 'last', 'will', '.', ',', 'other', ',', '-', ',', ',', ':', 'tours', ',', ':', 'international', '.', 'and', ',', 'and']"
sci,3,4,Normal,2.48548349190969e-06,0.00022790337970945984,"['statement', '(', 'your', ',', ',', 'you', 'be', 'this', 'for', 'meant', 'just', '[PAD]', '[PAD]', '[PAD]', '[PAD]', '[PAD]', '[PAD]', '[PAD]', '[PAD]', '[PAD]', '[PAD]', '[PAD]', '[PAD]', '[PAD]', '[PAD]']"
sci,3,791,Anomaly,3.483671093817975e-07,0.000324411375913769,"['!', '.', 'no', 'someone', 'is', 'significant', 'useful', 'know', 'provided', ""'"", 'information', '.', 'un', '.', 'and', 'un', 'from', 'their', '""', 'well', 'the', '(', 'in', 'they', '""']"
sci,3,792,Anomaly,2.554324510128936e-06,0.0003500660532154143,"['here', 'post', 'll', 'i', '[PAD]', '[PAD]', '[PAD]', '[PAD]', '[PAD]', '[PAD]', '[PAD]', '[PAD]', '[PAD]', '[PAD]', '[PAD]', '[PAD]', '[PAD]', '[PAD]', '[PAD]', '[PAD]', '[PAD]', '[PAD]', '[PAD]', '[PAD]', '[PAD]']"
sci,3,793,Anomaly,1.8176186131313443e-05,0.0003732664044946432,"['[PAD]', '[PAD]', '[PAD]', '[PAD]', '[PAD]', '[PAD]', '[PAD]', '[PAD]', '[PAD]', '[PAD]', '[PAD]', '[PAD]', '[PAD]', '[PAD]', '[PAD]', '[PAD]', '[PAD]', '[PAD]', '[PAD]', '[PAD]', '[PAD]', '[PAD]', '[PAD]', '[PAD]', '[PAD]']"
sci,3,794,Anomaly,1.730384724396572e-06,0.0002762361546047032,"['mi', '.', '##k', 'the', '.', '.', 'was', '.', 'version', 'luck', '##gen', ""'"", 'is', 'out', 'vols', 'this', 'robust', 'seen', ""'"", 'to', 'was', 'haven', 'answer', 'had', ',']"
sci,3,795,Anomaly,1.745575673339772e-06,0.0003694275510497391,"['.', '.', '.', '.', 'this', '.', '.', 'award', 'sale', 'carr', ',', 'package', '-', 'package', ',', 'give', 'for', 'the', 'des', 'received', 'package', 'for', 'company', 'angle', ',']"
sci,4,0,Normal,1.0173469036089955e-06,0.0002316421887371689,"['not', 'it', '[CLS]', 'absolute', 'cy', 'privacy', 'is', 'just', ',', 'give', 'privacy', 'phones', 'up', '.', '##cal', 'announcement', 'phone', 'fool', 'front', 'inter', '.', '##link', 'come', 'would', 'phone']"
sci,4,1,Normal,4.014013939013239e-07,0.000625318381935358,"['was', 'attend', '[CLS]', 'i', '##rea', 'ns', '##uc', 'talking', 'sci', 'keep', 'u', 're', 'first', '##line', 'boston', 'hand', 'email', 'space', 'mark', 'i', 'mal', 'area', 'place', '-', 'available']"
sci,4,2,Normal,6.196355570864398e-07,0.0004702948499470949,"['[CLS]', 'copper', 'could', 'zinc', 'you', 'batteries', 'use', '.', 'volta', '##te', 'disk', 'copper', 'zinc', 'copper', 'acid', 'lemon', 'copper', 'wire', 'electro', 'zinc', 'soaked', '##tric', 'moss', 'penn', 'ar']"
sci,4,3,Normal,3.493651547614718e-06,0.0008500645635649562,"['[CLS]', 'are', 'addresses', ':', 'last', 'email', 'name', 'esa', 'typically', 'space', '/', 'nasa', 'nasa', '##cr', 'tours', 'not', 'nasa', 'consider', '/', 'research', '01', '##s', 'get', 'grants', 'g']"
sci,4,4,Normal,1.0060599606731557e-06,0.0007369641680270433,"['er', 'life', '[PAD]', '[PAD]', '[PAD]', '[PAD]', '[PAD]', '[PAD]', '[PAD]', '[PAD]', '[PAD]', '[PAD]', '[PAD]', '[PAD]', '[PAD]', '[PAD]', '[PAD]', '[PAD]', '[PAD]', '[PAD]', '[PAD]', '[PAD]', '[PAD]', '[PAD]', '[PAD]']"
sci,4,791,Anomaly,4.3629192987282295e-06,0.0007712371298111975,"['##ritan', 'years', '[PAD]', '[PAD]', '[PAD]', '[PAD]', '[PAD]', '[PAD]', '[PAD]', '[PAD]', '[PAD]', '[PAD]', '[PAD]', '[PAD]', '[PAD]', '[PAD]', '[PAD]', '[PAD]', '[PAD]', '[PAD]', '[PAD]', '[PAD]', '[PAD]', '[PAD]', '[PAD]']"
sci,4,792,Anomaly,1.4619015473726904e-06,0.0006145404186099768,"['[CLS]', 'is', 'mat', 'are', 'coach', 'ready', 'teams', 'to', '##inen', '##ika', 'gold', 'fin', '.', 'medal', 'hockey', '##nen', '6', '##mm', 'world', 'esa', 'ti', '##inen', 'finn', 'nu', '##e']"
sci,4,793,Anomaly,1.1090484122178168e-06,0.00012929578952025622,"['[CLS]', 't', 'recall', 'england', 'i', '.', 'persecuted', 'cult', 'dictionary', 'stock', ""'"", 'listed', 'campbell', '.', 'neo', 'mother', '##kk', 'characteristics', 'sound', 'formed', '##ler', 'far', 'are', 'human', 'was']"
sci,4,794,Anomaly,2.114829612764879e-06,0.0007002739002928138,"['[CLS]', 'tapes', 'it', 'to', 'all', 'metal', 'cartridge', '?', 'does', 'shell', 'do', 'the', 'were', 'cartridge', 'on', '##und', 'is', 'base', 'tape', 'un', 'set', 'and', 'this', 'i', 'found']"
sci,4,795,Anomaly,8.457577678200323e-07,0.0006888241041451693,"['made', '[CLS]', 'is', 'other', 'chip', 'motorola', 'serial', '##etic', 'someone', 'perhaps', 'micro', 'chip', 'memory', 'ports', 'by', 'toys', 'cr', 'single', 'ram', '##s', 'compatible', '##itte', 'sign', 'ie', '680']"
soc,0,0,Normal,3.07991576846689e-05,0.0028074460569769144,"['lois', 'to', 'servant', 'here', 'note', 'other', 'difference', 'gay', 'christian', '.', 'christ', 'believers', 'gay', 'gay', 'jen', 's', ',', 'who', 'paul', '[PAD]', '[PAD]', '[PAD]', '[PAD]', '[PAD]', '[PAD]']"
soc,0,1,Normal,3.368532270542346e-05,0.003148449584841728,"['.', 'gonzaga', 'a', 'received', 'of', 'all', 'story', '.', ',', ',', '.', 'gonzaga', '##ge', 'gonzaga', 'honoured', 'go', 'prince', 'soldier', ',', 'saint', 'patron', '##s', 'family', 'saint', 'for']"
soc,0,2,Normal,3.78612385247834e-05,0.00326171750202775,"['.', '##sil', 'con', '.', 'd', 'support', '##ment', '##ons', '##lusion', 'some', ""'"", '[PAD]', '[PAD]', '[PAD]', '[PAD]', '[PAD]', '[PAD]', '[PAD]', '[PAD]', '[PAD]', '[PAD]', '[PAD]', '[PAD]', '[PAD]', '[PAD]']"
soc,0,3,Normal,2.731209315243177e-05,0.0034004482440650463,"['ed', 'time', 'original', 'to', 'to', '[PAD]', '[PAD]', '[PAD]', '[PAD]', '[PAD]', '[PAD]', '[PAD]', '[PAD]', '[PAD]', '[PAD]', '[PAD]', '[PAD]', '[PAD]', '[PAD]', '[PAD]', '[PAD]', '[PAD]', '[PAD]', '[PAD]', '[PAD]']"
soc,0,4,Normal,0.00021715351613238454,0.002619239967316389,"['[PAD]', '[PAD]', '[PAD]', '[PAD]', '[PAD]', '[PAD]', '[PAD]', '[PAD]', '[PAD]', '[PAD]', '[PAD]', '[PAD]', '[PAD]', '[PAD]', '[PAD]', '[PAD]', '[PAD]', '[PAD]', '[PAD]', '[PAD]', '[PAD]', '[PAD]', '[PAD]', '[PAD]', '[PAD]']"
soc,0,200,Anomaly,7.536131306551397e-05,0.003880083095282316,"[')', '[PAD]', '[PAD]', '[PAD]', '[PAD]', '[PAD]', '[PAD]', '[PAD]', '[PAD]', '[PAD]', '[PAD]', '[PAD]', '[PAD]', '[PAD]', '[PAD]', '[PAD]', '[PAD]', '[PAD]', '[PAD]', '[PAD]', '[PAD]', '[PAD]', '[PAD]', '[PAD]', '[PAD]']"
soc,0,201,Anomaly,7.168882439145818e-05,0.0031884112395346165,"['kin', 'thanks', '##i', '[PAD]', '[PAD]', '[PAD]', '[PAD]', '[PAD]', '[PAD]', '[PAD]', '[PAD]', '[PAD]', '[PAD]', '[PAD]', '[PAD]', '[PAD]', '[PAD]', '[PAD]', '[PAD]', '[PAD]', '[PAD]', '[PAD]', '[PAD]', '[PAD]', '[PAD]']"
soc,0,202,Anomaly,4.3850224756170064e-05,0.0035343945492058992,"['the', 'recent', 'in', 'group', 'additional', '[PAD]', '[PAD]', '[PAD]', '[PAD]', '[PAD]', '[PAD]', '[PAD]', '[PAD]', '[PAD]', '[PAD]', '[PAD]', '[PAD]', '[PAD]', '[PAD]', '[PAD]', '[PAD]', '[PAD]', '[PAD]', '[PAD]', '[PAD]']"
soc,0,203,Anomaly,9.503774344921112e-05,0.0031799781136214733,"['please', '[PAD]', '[PAD]', '[PAD]', '[PAD]', '[PAD]', '[PAD]', '[PAD]', '[PAD]', '[PAD]', '[PAD]', '[PAD]', '[PAD]', '[PAD]', '[PAD]', '[PAD]', '[PAD]', '[PAD]', '[PAD]', '[PAD]', '[PAD]', '[PAD]', '[PAD]', '[PAD]', '[PAD]']"
soc,0,204,Anomaly,3.146965173073113e-05,0.0027350406162440777,"['.', '.', '.', 'loud', '.', '.', 'bi', 'personally', '>', '##ved', '##ving', 'reason', 'to', 'it', 'a', 'stock', 'it', '##s', 'that', ',', 'and', 'harley', 'pipes', 'instinctively', '.']"
soc,1,0,Normal,6.374555232468992e-05,0.006411273963749409,"['-', 'rome', 'jen', 'paul', 'servant', 'believers', 'gay', 'christ', 'wrong', '[PAD]', '[PAD]', '[PAD]', '[PAD]', '[PAD]', '[PAD]', '[PAD]', '[PAD]', '[PAD]', '[PAD]', '[PAD]', '[PAD]', '[PAD]', '[PAD]', '[PAD]', '[PAD]']"
soc,1,1,Normal,5.858647637069225e-05,0.005518718622624874,"['received', 'saint', 'story', 'prince', 'honoured', 'people', '##nza', '##oys', 'was', 'go', 'imagined', 'famous', '.', 'gonzaga', 'great', 'soldier', ',', 'permission', 'editor', 'course', 'al', 'that', 'had', 'become', '##ge']"
soc,1,2,Normal,5.000007513444871e-05,0.005816010758280754,"['##ment', '##sil', '##lusion', ""'"", '.', 'know', ""'"", 'broken', 'support', '##ncies', '[PAD]', '[PAD]', '[PAD]', '[PAD]', '[PAD]', '[PAD]', '[PAD]', '[PAD]', '[PAD]', '[PAD]', '[PAD]', '[PAD]', '[PAD]', '[PAD]', '[PAD]']"
soc,1,3,Normal,2.7512942324392498e-05,0.006163898855447769,"['time', 'thanks', 'address', 'please', 'ed', 'caps', '-', 'changes', 'subscription', '[PAD]', '[PAD]', '[PAD]', '[PAD]', '[PAD]', '[PAD]', '[PAD]', '[PAD]', '[PAD]', '[PAD]', '[PAD]', '[PAD]', '[PAD]', '[PAD]', '[PAD]', '[PAD]']"
soc,1,4,Normal,0.00028693140484392643,0.004666847642511129,"['[PAD]', '[PAD]', '[PAD]', '[PAD]', '[PAD]', '[PAD]', '[PAD]', '[PAD]', '[PAD]', '[PAD]', '[PAD]', '[PAD]', '[PAD]', '[PAD]', '[PAD]', '[PAD]', '[PAD]', '[PAD]', '[PAD]', '[PAD]', '[PAD]', '[PAD]', '[PAD]', '[PAD]', '[PAD]']"
soc,1,200,Anomaly,0.00021631544223055243,0.004619464743882418,"['luigi', '6th', 'higher', 'wins', 'finish', '[PAD]', '[PAD]', '[PAD]', '[PAD]', '[PAD]', '[PAD]', '[PAD]', '[PAD]', '[PAD]', '[PAD]', '[PAD]', '[PAD]', '[PAD]', '[PAD]', '[PAD]', '[PAD]', '[PAD]', '[PAD]', '[PAD]', '[PAD]']"
soc,1,201,Anomaly,0.0001384567585773766,0.0050693079829216,"['?', 'emergencies', 'national', 'military', '[PAD]', '[PAD]', '[PAD]', '[PAD]', '[PAD]', '[PAD]', '[PAD]', '[PAD]', '[PAD]', '[PAD]', '[PAD]', '[PAD]', '[PAD]', '[PAD]', '[PAD]', '[PAD]', '[PAD]', '[PAD]', '[PAD]', '[PAD]', '[PAD]']"
soc,1,202,Anomaly,4.9977497837971896e-05,0.0059233782812952995,"['gi', '##f', 'files', 'is', '##s', 'omitted', 'tried', '[PAD]', '[PAD]', '[PAD]', '[PAD]', '[PAD]', '[PAD]', '[PAD]', '[PAD]', '[PAD]', '[PAD]', '[PAD]', '[PAD]', '[PAD]', '[PAD]', '[PAD]', '[PAD]', '[PAD]', '[PAD]']"
soc,1,203,Anomaly,3.694719634950161e-05,0.005084367003291845,"['care', 'read', 't', '*', 'eliminate', 'done', 'adoption', 'didn', '##ons', 'abortion', 'not', ""'"", 'abortion', '##ble', 'funding', 'the', ',', '*', 'good', 'woman', '.', 'will', 'just', 'idea', 'del']"
soc,1,204,Anomaly,3.790921618929133e-05,0.005982524249702692,"['##ception', '##con', '##ivism', 'well', 'wrong', 'secret', '##s', '[PAD]', '[PAD]', '[PAD]', '[PAD]', '[PAD]', '[PAD]', '[PAD]', '[PAD]', '[PAD]', '[PAD]', '[PAD]', '[PAD]', '[PAD]', '[PAD]', '[PAD]', '[PAD]', '[PAD]', '[PAD]']"
soc,2,0,Normal,5.030470492783934e-05,0.0041694133542478085,"['servant', 'here', ',', ""'"", 'jen', 's', 'to', 'judge', '-', '-', '[PAD]', '[PAD]', '[PAD]', '[PAD]', '[PAD]', '[PAD]', '[PAD]', '[PAD]', '[PAD]', '[PAD]', '[PAD]', '[PAD]', '[PAD]', '[PAD]', '[PAD]']"
soc,2,1,Normal,4.399616955197416e-05,0.0037520297337323427,"['received', 'saint', ',', 'gonzaga', '.', '.', 'story', 'a', '.', ',', '##nza', 'people', 'manner', 'of', 'soldier', 'though', ',', 'of', '##s', '##ge', 'become', 'more', 'after', 'posting', 'was']"
soc,2,2,Normal,6.251558079384267e-05,0.0037948940880596638,"['con', '.', ""'"", '##ute', 'support', 'inc', 'statement', 'di', 'religions', '.', '.', '##lusion', '[PAD]', '[PAD]', '[PAD]', '[PAD]', '[PAD]', '[PAD]', '[PAD]', '[PAD]', '[PAD]', '[PAD]', '[PAD]', '[PAD]', '[PAD]']"
soc,2,3,Normal,6.200930511113256e-05,0.004247862845659256,"['recently', 'ed', 'thanks', '.', 'subscription', 'to', 'etc', ',', '[PAD]', '[PAD]', '[PAD]', '[PAD]', '[PAD]', '[PAD]', '[PAD]', '[PAD]', '[PAD]', '[PAD]', '[PAD]', '[PAD]', '[PAD]', '[PAD]', '[PAD]', '[PAD]', '[PAD]']"
soc,2,4,Normal,0.000911305716726929,0.0038698038551956415,"['[PAD]', '[PAD]', '[PAD]', '[PAD]', '[PAD]', '[PAD]', '[PAD]', '[PAD]', '[PAD]', '[PAD]', '[PAD]', '[PAD]', '[PAD]', '[PAD]', '[PAD]', '[PAD]', '[PAD]', '[PAD]', '[PAD]', '[PAD]', '[PAD]', '[PAD]', '[PAD]', '[PAD]', '[PAD]']"
soc,2,200,Anomaly,6.222748197615147e-05,0.003322776174172759,"['##gill', '##gb', '/', 'car', 'subject', 'connector', 'h', 'standard', 'r', 'v', 'tape', 'help', '[PAD]', '[PAD]', '[PAD]', '[PAD]', '[PAD]', '[PAD]', '[PAD]', '[PAD]', '[PAD]', '[PAD]', '[PAD]', '[PAD]', '[PAD]']"
soc,2,201,Anomaly,7.890799315646291e-05,0.0038848668336868286,"['.', '?', 'violently', 'wednesday', 're', 'houston', '[PAD]', '[PAD]', '[PAD]', '[PAD]', '[PAD]', '[PAD]', '[PAD]', '[PAD]', '[PAD]', '[PAD]', '[PAD]', '[PAD]', '[PAD]', '[PAD]', '[PAD]', '[PAD]', '[PAD]', '[PAD]', '[PAD]']"
soc,2,202,Anomaly,0.00022578274365514517,0.002769642509520054,"['s', ""'"", 'mode', 'thank', '?', 'report', '[PAD]', '[PAD]', '[PAD]', '[PAD]', '[PAD]', '[PAD]', '[PAD]', '[PAD]', '[PAD]', '[PAD]', '[PAD]', '[PAD]', '[PAD]', '[PAD]', '[PAD]', '[PAD]', '[PAD]', '[PAD]', '[PAD]']"
soc,2,203,Anomaly,3.5522065445547923e-05,0.003859918564558029,"['i', 'am', '.', 'obsolete', '.', ')', 'in', 'integrated', 'circuits', 'broker', 'of', 'hi', '##38', 'sg', 'circuits', 'st', 'sg', 'most', 'for', 'with', 'in', 'most', 'longer', 'mk', 'and']"
soc,2,204,Anomaly,5.2041134040337056e-05,0.003825647756457329,"['.', '.', 'printer', '.', '.', 'just', 'b', 'may', '200', '50', '.', 'with', 'bought', ',', 'paper', 're', 'with', '200', 'and', 'being', 'with', 'within', 'iii', 'seems', '##j']"
soc,3,0,Normal,5.3720570576842874e-05,0.005476001184433699,"['jen', 'note', 'believers', 'servant', '-', 's', 'wrote', 'judge', 'you', ""'"", 'who', 'rome', '[PAD]', '[PAD]', '[PAD]', '[PAD]', '[PAD]', '[PAD]', '[PAD]', '[PAD]', '[PAD]', '[PAD]', '[PAD]', '[PAD]', '[PAD]']"
soc,3,1,Normal,5.778139166068286e-05,0.003394183935597539,"['received', '[CLS]', 'al', 'a', 'saint', 'story', '##s', '##oys', ""'"", 'saint', '.', ',', 'people', 'the', 'on', 'famous', 'the', 'a', 'though', 'star', 'the', 'with', 'ever', 'editor', 'family']"
soc,3,2,Normal,3.145293885609135e-05,0.005489585921168327,"[""'"", '##ment', '##lusion', 'con', 'frequently', 'i', '[PAD]', '[PAD]', '[PAD]', '[PAD]', '[PAD]', '[PAD]', '[PAD]', '[PAD]', '[PAD]', '[PAD]', '[PAD]', '[PAD]', '[PAD]', '[PAD]', '[PAD]', '[PAD]', '[PAD]', '[PAD]', '[PAD]']"
soc,3,3,Normal,3.3787000575102866e-05,0.0043107131496071815,"['i', 'recently', 'the', 'had', 'can', 'time', '[PAD]', '[PAD]', '[PAD]', '[PAD]', '[PAD]', '[PAD]', '[PAD]', '[PAD]', '[PAD]', '[PAD]', '[PAD]', '[PAD]', '[PAD]', '[PAD]', '[PAD]', '[PAD]', '[PAD]', '[PAD]', '[PAD]']"
soc,3,4,Normal,0.0001799712481442839,0.0031339824199676514,"['[CLS]', '[PAD]', '[PAD]', '[PAD]', '[PAD]', '[PAD]', '[PAD]', '[PAD]', '[PAD]', '[PAD]', '[PAD]', '[PAD]', '[PAD]', '[PAD]', '[PAD]', '[PAD]', '[PAD]', '[PAD]', '[PAD]', '[PAD]', '[PAD]', '[PAD]', '[PAD]', '[PAD]', '[PAD]']"
soc,3,200,Anomaly,6.267112621571869e-05,0.0049499706365168095,"['thanks', '[CLS]', '[PAD]', '[PAD]', '[PAD]', '[PAD]', '[PAD]', '[PAD]', '[PAD]', '[PAD]', '[PAD]', '[PAD]', '[PAD]', '[PAD]', '[PAD]', '[PAD]', '[PAD]', '[PAD]', '[PAD]', '[PAD]', '[PAD]', '[PAD]', '[PAD]', '[PAD]', '[PAD]']"
soc,3,201,Anomaly,0.0002905281144194305,0.004457502160221338,"['[CLS]', '167', '65', '##4', 'diseases', '[PAD]', '[PAD]', '[PAD]', '[PAD]', '[PAD]', '[PAD]', '[PAD]', '[PAD]', '[PAD]', '[PAD]', '[PAD]', '[PAD]', '[PAD]', '[PAD]', '[PAD]', '[PAD]', '[PAD]', '[PAD]', '[PAD]', '[PAD]']"
soc,3,202,Anomaly,6.535105057992041e-05,0.005228062160313129,"['4', 'the', 'month', 'old', '[PAD]', '[PAD]', '[PAD]', '[PAD]', '[PAD]', '[PAD]', '[PAD]', '[PAD]', '[PAD]', '[PAD]', '[PAD]', '[PAD]', '[PAD]', '[PAD]', '[PAD]', '[PAD]', '[PAD]', '[PAD]', '[PAD]', '[PAD]', '[PAD]']"
soc,3,203,Anomaly,4.409294342622161e-05,0.00473563838750124,"['on', 'hey', 'a', 'develop', '[PAD]', '[PAD]', '[PAD]', '[PAD]', '[PAD]', '[PAD]', '[PAD]', '[PAD]', '[PAD]', '[PAD]', '[PAD]', '[PAD]', '[PAD]', '[PAD]', '[PAD]', '[PAD]', '[PAD]', '[PAD]', '[PAD]', '[PAD]', '[PAD]']"
soc,3,204,Anomaly,1.6066100215539336e-05,0.003261699341237545,"['simon', '[CLS]', ',', 'it', 'got', '!', 'intending', 'to', 'you', 'paradise', 'on', '.', 'spread', 'know', 'and', 'over', 'here', 'my', ',', '.', 'quite', 'is', 'post', ',', 'thus']"
soc,4,0,Normal,2.9111295589245856e-05,0.002264438197016716,"['believers', 'jen', 'gay', 'servant', 'lois', 'be', 'christian', 'paul', 'change', 'gay', 'christ', 's', 'gay', 'tell', 'rome', 'is', 'wrong', 'note', 'think', 'cannot', 'said', 'judge', 'before', '*', 'them']"
soc,4,1,Normal,3.6184152122586966e-05,0.0025822692550718784,"['a', 'gonzaga', 'brave', 'famous', 'expected', 'prince', 'al', 'honoured', 'son', 'story', 'go', 'more', 'al', 'famous', 'course', 'father', 'imagined', 'his', 'gonzaga', '##ge', 'ever', 'manner', 'had', 'all', 'soldier']"
soc,4,2,Normal,2.245548603241332e-05,0.003130725584924221,"['con', '##ute', '##sit', 't', '##lusion', 'ness', 'don', 'di', 'broken', '##it', '##ment', 'inc', '##sil', '[PAD]', '[PAD]', '[PAD]', '[PAD]', '[PAD]', '[PAD]', '[PAD]', '[PAD]', '[PAD]', '[PAD]', '[PAD]', '[PAD]']"
soc,4,3,Normal,2.5324834496132098e-05,0.002299523213878274,"['ed', 'time', 'thanks', 'also', '-', 'address', 'caps', 'subscription', 'original', 'etc', 'update', 'e', '!', 'ahead', 'please', 'changes', 'send', '[PAD]', '[PAD]', '[PAD]', '[PAD]', '[PAD]', '[PAD]', '[PAD]', '[PAD]']"
soc,4,4,Normal,0.0002378425415372476,0.0019436946604400873,"['[PAD]', '[PAD]', '[PAD]', '[PAD]', '[PAD]', '[PAD]', '[PAD]', '[PAD]', '[PAD]', '[PAD]', '[PAD]', '[PAD]', '[PAD]', '[PAD]', '[PAD]', '[PAD]', '[PAD]', '[PAD]', '[PAD]', '[PAD]', '[PAD]', '[PAD]', '[PAD]', '[PAD]', '[PAD]']"
soc,4,200,Anomaly,3.636672772699967e-05,0.0032537966035306454,"['balloon', 'shape', 'balloon', 'spherical', 'silver', 'pre', 'pre', '##ally', 'shards', 'no', 'def', 'substance', '##lated', 'no', '[PAD]', '[PAD]', '[PAD]', '[PAD]', '[PAD]', '[PAD]', '[PAD]', '[PAD]', '[PAD]', '[PAD]', '[PAD]']"
soc,4,201,Anomaly,5.6144413974834606e-05,0.0023489752784371376,"['advance', 'd', 'thanks', 'objects', 'reference', '##ang', 'any', '[PAD]', '[PAD]', '[PAD]', '[PAD]', '[PAD]', '[PAD]', '[PAD]', '[PAD]', '[PAD]', '[PAD]', '[PAD]', '[PAD]', '[PAD]', '[PAD]', '[PAD]', '[PAD]', '[PAD]', '[PAD]']"
soc,4,202,Anomaly,3.682868555188179e-05,0.002193538937717676,"['different', 'very', 'cards', 'two', 'same', '##26', 'problems', 'logic', '54', 'cause', 'chip', 'like', 'problem', '##4', 'not', '15', 'seem', '##p', 'seem', 'video', 'symptoms', 'm', 'card', '##4', '[PAD]']"
soc,4,203,Anomaly,6.978878809604794e-05,0.0018757862271741033,"['jason', 'nature', '##p', 'anyone', 'ft', 'out', 'sites', 'etc', 'projects', '[PAD]', '[PAD]', '[PAD]', '[PAD]', '[PAD]', '[PAD]', '[PAD]', '[PAD]', '[PAD]', '[PAD]', '[PAD]', '[PAD]', '[PAD]', '[PAD]', '[PAD]', '[PAD]']"
soc,4,204,Anomaly,2.983720514748711e-05,0.0029122328851372004,"['just', 'ex', 'got', '##aly', '.', 'yamaha', '##ful', 'need', 'places', 'anyone', 'read', 'be', 'of', 'else', 'anything', 'to', 'problems', 'soon', 'need', 'car', 'few', 'any', 'there', 'adjusting', 'well']"
talk,0,0,Normal,4.8273836000589654e-05,0.0008081498672254384,"['[CLS]', '[PAD]', '[PAD]', '[PAD]', '[PAD]', '[PAD]', '[PAD]', '[PAD]', '[PAD]', '[PAD]', '[PAD]', '[PAD]', '[PAD]', '[PAD]', '[PAD]', '[PAD]', '[PAD]', '[PAD]', '[PAD]', '[PAD]', '[PAD]', '[PAD]', '[PAD]', '[PAD]', '[PAD]']"
talk,0,1,Normal,7.1224394559976645e-06,0.0006755668437108397,"['[PAD]', '[PAD]', '[PAD]', '[PAD]', '[PAD]', '[PAD]', '[PAD]', '[PAD]', '[PAD]', '[PAD]', '[PAD]', '[PAD]', '[PAD]', '[PAD]', '[PAD]', '[PAD]', '[PAD]', '[PAD]', '[PAD]', '[PAD]', '[PAD]', '[PAD]', '[PAD]', '[PAD]', '[PAD]']"
talk,0,2,Normal,9.159720320894849e-06,0.0006709917215630412,"['[PAD]', '[PAD]', '[PAD]', '[PAD]', '[PAD]', '[PAD]', '[PAD]', '[PAD]', '[PAD]', '[PAD]', '[PAD]', '[PAD]', '[PAD]', '[PAD]', '[PAD]', '[PAD]', '[PAD]', '[PAD]', '[PAD]', '[PAD]', '[PAD]', '[PAD]', '[PAD]', '[PAD]', '[PAD]']"
talk,0,3,Normal,1.5266774653355242e-06,0.00039369933074340224,"['felt', 'until', 'there', 'israeli', '1992', 'onset', 'war', 'so', 'such', ',', 'g', 'from', 'se', 'nationality', '##es', '.', 'peace', 'nationality', 'id', '.', 'provided', 'etc', 'cards', '.', '.']"
talk,0,4,Normal,1.6934818631852977e-06,0.0005412696627900004,"['hear', 'killed', 'for', 'smith', '.', '.', 'possibility', 'by', 'politicians', 'ice', 'winter', 'tell', 'knows', '""', 'smith', 'then', 'subject', 'smoke', 'neil', 'lying', 'when', 'have', 'his', 'obvious', 'politicians']"
talk,0,651,Anomaly,3.0701887681061635e-06,0.0005453578196465969,"['use', 'who', 'ever', 'pick', 'dead', 'shovel', '##us', 'occupy', 'not', 'ice', 'oct', 'announcer', '[PAD]', '[PAD]', '[PAD]', '[PAD]', '[PAD]', '[PAD]', '[PAD]', '[PAD]', '[PAD]', '[PAD]', '[PAD]', '[PAD]', '[PAD]']"
talk,0,652,Anomaly,3.2497805477760267e-06,0.0005647959187626839,"['he', '##35', '7', 'dod', 'slaughter', 'such', 'still', '10', 'charles', 'decimal', '[PAD]', '[PAD]', '[PAD]', '[PAD]', '[PAD]', '[PAD]', '[PAD]', '[PAD]', '[PAD]', '[PAD]', '[PAD]', '[PAD]', '[PAD]', '[PAD]', '[PAD]']"
talk,0,653,Anomaly,2.908365331677487e-06,0.0005790317663922906,"['d', 'i', 'es', 'me', 'm', 'history', 'without', 'can', 'price', 'have', 'publication', 'frankly', 'face', 'water', 'prematurely', 'years', ""'"", '##house', 'can', 'of', 'leaking', 'successfully', 'think', 'how', 'er']"
talk,0,654,Anomaly,3.4976012557308422e-06,0.0005612733075395226,"['no', 'possible', 'be', '##dget', 'appreciated', '##tton', 'sign', 'i', '[PAD]', '[PAD]', '[PAD]', '[PAD]', '[PAD]', '[PAD]', '[PAD]', '[PAD]', '[PAD]', '[PAD]', '[PAD]', '[PAD]', '[PAD]', '[PAD]', '[PAD]', '[PAD]', '[PAD]']"
talk,0,655,Anomaly,5.92452806813526e-06,0.0005154019454494119,"['posting', 'i', 'of', 'would', 'to', 'path', '.', 'false', 'friend', 'display', 'l', 'try', 'for', '##une', '##mas', 'plot', '.', 'handler', 'return', 'try', 'show', 'this', 'usual', 'am', 'directly']"
talk,1,0,Normal,5.6632292398717254e-05,0.00021897011902183294,"['[PAD]', '[PAD]', '[PAD]', '[PAD]', '[PAD]', '[PAD]', '[PAD]', '[PAD]', '[PAD]', '[PAD]', '[PAD]', '[PAD]', '[PAD]', '[PAD]', '[PAD]', '[PAD]', '[PAD]', '[PAD]', '[PAD]', '[PAD]', '[PAD]', '[PAD]', '[PAD]', '[PAD]', '[PAD]']"
talk,1,1,Normal,7.002307393122464e-05,9.262629464501515e-05,"['.', '.', '?', '?', 'kent', ';', '.', 'you', '*', ',', '!', 'wife', 'um', '[PAD]', '[PAD]', '[PAD]', '[PAD]', '[PAD]', '[PAD]', '[PAD]', '[PAD]', '[PAD]', '[PAD]', '[PAD]', '[PAD]']"
talk,1,2,Normal,7.16867798473686e-05,9.476864943280816e-05,"['.', 'and', 'only', 'this', 'i', 'want', 'all', 'targeting', 'to', 'stop', 'hope', 'i', 'on', 'sides', 'that', '[CLS]', 'with', '[PAD]', '[PAD]', '[PAD]', '[PAD]', '[PAD]', '[PAD]', '[PAD]', '[PAD]']"
talk,1,3,Normal,2.54262272392225e-06,0.00014987456961534917,"['from', '[SEP]', '.', 'always', '.', 'onset', ',', '.', '.', '.', ',', 'this', '.', '.', ',', 'of', '.', 'on', '##vic', '.', ',', 'as', ',', 'which', ',']"
talk,1,4,Normal,6.889991368552728e-07,0.00015179836191236973,"['years', '.', '.', ',', 'dinosaurs', 'and', ',', 'the', '.', '-', 'later', 'and', '-', 'hear', 'for', 'heard', 'smoke', 'and', 'what', 'unpleasant', 'and', '-', 'have', 'coming', 'nuclear']"
talk,1,651,Anomaly,7.037341219984228e-06,0.0001479431230109185,"['[SEP]', ',', 'sg', ',', ',', ',', '##ema', ',', 'ot', 'extensions', 'method', ',', ',', ',', ',', ',', ',', 'procedures', '##d', ',', ',', ',', ',', '##sion', ',']"
talk,1,652,Anomaly,2.0840661818510853e-06,0.0001318224094575271,"['[SEP]', 'for', ""'"", '.', 'to', 'it', '.', '[CLS]', '.', '.', 'i', ',', '##nst', '.', '[PAD]', '[PAD]', '[PAD]', '[PAD]', '[PAD]', '[PAD]', '[PAD]', '[PAD]', '[PAD]', '[PAD]', '[PAD]']"
talk,1,653,Anomaly,5.429042175819632e-06,0.0001451030111638829,"['[SEP]', '.', '.', 'to', ',', 'pi', 'to', 'however', ',', 'to', 'be', '[PAD]', '[PAD]', '[PAD]', '[PAD]', '[PAD]', '[PAD]', '[PAD]', '[PAD]', '[PAD]', '[PAD]', '[PAD]', '[PAD]', '[PAD]', '[PAD]']"
talk,1,654,Anomaly,2.819139353960054e-06,0.00017012516036629677,"['##ian', '.', ')', '.', '.', ')', 'how', 'ki', 'on', '(', 'for', '[PAD]', '[PAD]', '[PAD]', '[PAD]', '[PAD]', '[PAD]', '[PAD]', '[PAD]', '[PAD]', '[PAD]', '[PAD]', '[PAD]', '[PAD]', '[PAD]']"
talk,1,655,Anomaly,7.93777326180134e-06,0.00012968388909939677,"['.', '.', '.', '.', '.', '.', '[SEP]', '[CLS]', 'the', ',', ',', '##nl', 'of', 'app', 'have', 'sox', 'gorman', 'donald', 'aix', 'from', 'aix', '[PAD]', '[PAD]', '[PAD]', '[PAD]']"
talk,2,0,Normal,5.0666982133407146e-05,0.00036375538911670446,"['[PAD]', '[PAD]', '[PAD]', '[PAD]', '[PAD]', '[PAD]', '[PAD]', '[PAD]', '[PAD]', '[PAD]', '[PAD]', '[PAD]', '[PAD]', '[PAD]', '[PAD]', '[PAD]', '[PAD]', '[PAD]', '[PAD]', '[PAD]', '[PAD]', '[PAD]', '[PAD]', '[PAD]', '[PAD]']"
talk,2,1,Normal,2.2398075088858604e-05,0.0005857228534296155,"['?', 'been', 'um', '*', '*', '[PAD]', '[PAD]', '[PAD]', '[PAD]', '[PAD]', '[PAD]', '[PAD]', '[PAD]', '[PAD]', '[PAD]', '[PAD]', '[PAD]', '[PAD]', '[PAD]', '[PAD]', '[PAD]', '[PAD]', '[PAD]', '[PAD]', '[PAD]']"
talk,2,2,Normal,1.1533145880093798e-05,0.0007505309768021107,"['civilians', 'hope', 'all', '[PAD]', '[PAD]', '[PAD]', '[PAD]', '[PAD]', '[PAD]', '[PAD]', '[PAD]', '[PAD]', '[PAD]', '[PAD]', '[PAD]', '[PAD]', '[PAD]', '[PAD]', '[PAD]', '[PAD]', '[PAD]', '[PAD]', '[PAD]', '[PAD]', '[PAD]']"
talk,2,3,Normal,7.354029094130965e-06,0.0008660515886731446,"['until', 'there', 'felt', 'lived', 'i', ',', '.', ',', '.', 'such', '.', '.', 'so', 'shaped', 'of', 'israeli', 'is', ',', 'is', 'of', '.', ',', 'the', 'of', '##vic']"
talk,2,4,Normal,4.131102741666837e-06,0.0008844645344652236,"['smith', 'cathy', 'hear', '.', 'l', 'for', 'posted', 'is', 'by', 'heard', 'and', 'is', 'his', '-', ':', 'is', 'killed', ',', 'are', ',', 'were', 'politician', 'smith', 'and', 'politicians']"
talk,2,651,Anomaly,2.34740691666957e-05,0.0009704172844067216,"['xp', 'hi', '[PAD]', '[PAD]', '[PAD]', '[PAD]', '[PAD]', '[PAD]', '[PAD]', '[PAD]', '[PAD]', '[PAD]', '[PAD]', '[PAD]', '[PAD]', '[PAD]', '[PAD]', '[PAD]', '[PAD]', '[PAD]', '[PAD]', '[PAD]', '[PAD]', '[PAD]', '[PAD]']"
talk,2,652,Anomaly,9.435337233298924e-06,0.0008225144119933248,"['that', 'was', '.', 'well', 'in', 'a', '.', 'known', '.', 'been', 'as', 'part', 'are', '.', 'for', 'is', 'is', 'a', '.', 'has', 'yes', 'has', 'in', 'a', ',']"
talk,2,653,Anomaly,5.618901923298836e-06,0.0009233851451426744,"['always', 'reader', '##ized', 'was', 'fill', 'individual', 'been', 'has', 'for', 'error', '[PAD]', '[PAD]', '[PAD]', '[PAD]', '[PAD]', '[PAD]', '[PAD]', '[PAD]', '[PAD]', '[PAD]', '[PAD]', '[PAD]', '[PAD]', '[PAD]', '[PAD]']"
talk,2,654,Anomaly,1.85463377420092e-05,0.0008671071846038103,"['at', 'x', 'x', 'or', '-', 'colors', '##ga', '##ga', '2', '##ga', '##onic', ',', 'that', 'to', '(', 'and', 'x', 'views', '##s', 'ibm', '##k', '##x', 'for', 'non', 'modes']"
talk,2,655,Anomaly,8.127317414619029e-06,0.000788431498222053,"['it', 'amazing', 'penn', '##llin', 'have', ',', 'infections', 'i', ',', '.', 'discovered', 'everything', ',', 'if', 'toxin', 'were', 'passing', 'toxicity', '##ox', 'was', 'to', 'valuable', ',', 'within', 'within']"
talk,3,0,Normal,0.00010020199988503009,0.00016746215987950563,"['[CLS]', '[PAD]', '[PAD]', '[PAD]', '[PAD]', '[PAD]', '[PAD]', '[PAD]', '[PAD]', '[PAD]', '[PAD]', '[PAD]', '[PAD]', '[PAD]', '[PAD]', '[PAD]', '[PAD]', '[PAD]', '[PAD]', '[PAD]', '[PAD]', '[PAD]', '[PAD]', '[PAD]', '[PAD]']"
talk,3,1,Normal,2.268372554681264e-05,0.0006317911902442575,"['*', '*', '.', 'um', ',', '[CLS]', '[PAD]', '[PAD]', '[PAD]', '[PAD]', '[PAD]', '[PAD]', '[PAD]', '[PAD]', '[PAD]', '[PAD]', '[PAD]', '[PAD]', '[PAD]', '[PAD]', '[PAD]', '[PAD]', '[PAD]', '[PAD]', '[PAD]']"
talk,3,2,Normal,7.924996680230834e-06,0.0006383186555467546,"['this', 'no', '##am', '[PAD]', '[PAD]', '[PAD]', '[PAD]', '[PAD]', '[PAD]', '[PAD]', '[PAD]', '[PAD]', '[PAD]', '[PAD]', '[PAD]', '[PAD]', '[PAD]', '[PAD]', '[PAD]', '[PAD]', '[PAD]', '[PAD]', '[PAD]', '[PAD]', '[PAD]']"
talk,3,3,Normal,4.798359896085458e-06,0.0003806881722994149,"['.', '.', '.', '[CLS]', 'so', ""'"", '.', 'are', '1992', '.', 't', '.', 'onset', 'etc', '##ped', 'obviously', 'think', 'is', 'nationality', 'g', 'this', 'e', 'is', 'such', 'there']"
talk,3,4,Normal,2.3288985175895505e-06,0.0008900321554392576,"['hear', 'didn', 'we', 'l', 'cathy', '.', '.', 'his', '""', 'neil', 'is', 'is', 'on', 'by', '""', '""', 'possibility', 'nuclear', 'one', 'political', 'might', 'move', 'then', 'smith', 'years']"
talk,3,651,Anomaly,6.284573464654386e-05,0.0007078824564814568,"['^', 'duo', '^', '^', 'hmm', '^', '07', '^', 'new', ',', '[PAD]', '[PAD]', '[PAD]', '[PAD]', '[PAD]', '[PAD]', '[PAD]', '[PAD]', '[PAD]', '[PAD]', '[PAD]', '[PAD]', '[PAD]', '[PAD]', '[PAD]']"
talk,3,652,Anomaly,5.557802978728432e-06,0.001004964578896761,"['wasn', ""'"", 't', 'video', '[CLS]', 'same', '[PAD]', '[PAD]', '[PAD]', '[PAD]', '[PAD]', '[PAD]', '[PAD]', '[PAD]', '[PAD]', '[PAD]', '[PAD]', '[PAD]', '[PAD]', '[PAD]', '[PAD]', '[PAD]', '[PAD]', '[PAD]', '[PAD]']"
talk,3,653,Anomaly,3.0360845357790822e-06,0.0007902832585386932,"['commercial', '.', 'businesses', '""', ""'"", 'would', 'were', '[PAD]', '[PAD]', '[PAD]', '[PAD]', '[PAD]', '[PAD]', '[PAD]', '[PAD]', '[PAD]', '[PAD]', '[PAD]', '[PAD]', '[PAD]', '[PAD]', '[PAD]', '[PAD]', '[PAD]', '[PAD]']"
talk,3,654,Anomaly,0.00010020199988503009,0.00016746215987950563,"['[CLS]', '[PAD]', '[PAD]', '[PAD]', '[PAD]', '[PAD]', '[PAD]', '[PAD]', '[PAD]', '[PAD]', '[PAD]', '[PAD]', '[PAD]', '[PAD]', '[PAD]', '[PAD]', '[PAD]', '[PAD]', '[PAD]', '[PAD]', '[PAD]', '[PAD]', '[PAD]', '[PAD]', '[PAD]']"
talk,3,655,Anomaly,4.879705102212029e-06,0.0005434515187516809,"['.', 'craig', '.', 'piece', 'ne', '.', 'program', 'on', 'pc', '""', 'his', 'communications', 'spoke', 'our', 'company', 'communications', 'main', 'is', 'general', 'called', 'and', '.', 'sci', 'sci', 'company']"
talk,4,0,Normal,2.5697601813590154e-05,0.0001191847914014943,"['[PAD]', '[PAD]', '[PAD]', '[PAD]', '[PAD]', '[PAD]', '[PAD]', '[PAD]', '[PAD]', '[PAD]', '[PAD]', '[PAD]', '[PAD]', '[PAD]', '[PAD]', '[PAD]', '[PAD]', '[PAD]', '[PAD]', '[PAD]', '[PAD]', '[PAD]', '[PAD]', '[PAD]', '[PAD]']"
talk,4,1,Normal,1.8907783669419587e-05,0.00011715110304066911,"['[CLS]', '.', '[PAD]', '[PAD]', '[PAD]', '[PAD]', '[PAD]', '[PAD]', '[PAD]', '[PAD]', '[PAD]', '[PAD]', '[PAD]', '[PAD]', '[PAD]', '[PAD]', '[PAD]', '[PAD]', '[PAD]', '[PAD]', '[PAD]', '[PAD]', '[PAD]', '[PAD]', '[PAD]']"
talk,4,2,Normal,6.115367796155624e-06,0.0001402341586071998,"['[CLS]', 'to', '[PAD]', '[PAD]', '[PAD]', '[PAD]', '[PAD]', '[PAD]', '[PAD]', '[PAD]', '[PAD]', '[PAD]', '[PAD]', '[PAD]', '[PAD]', '[PAD]', '[PAD]', '[PAD]', '[PAD]', '[PAD]', '[PAD]', '[PAD]', '[PAD]', '[PAD]', '[PAD]']"
talk,4,3,Normal,1.1287947017990518e-05,0.00022791334777139127,"['felt', '.', '.', '.', '.', '.', ',', '.', '.', '.', ',', ',', 'by', ',', ',', ',', 'nationality', 'etc', 'which', ',', 'until', '##es', 'of', 'from', 'e']"
talk,4,4,Normal,2.4664993816259084e-06,0.00016486742242705077,"['hear', 'cathy', '.', 'for', 'by', ',', 'and', 'posted', 'and', 'that', 'than', 'on', 'then', ':', 'science', 'atmosphere', 'scientists', 'l', 'heard', 'and', 'phrase', 'winter', 'subject', 'international', '-']"
talk,4,651,Anomaly,2.471802872605622e-06,0.0001859779586084187,"['multi', '.', '.', '.', '.', 'from', '.', '.', '##r', '.', '.', '.', ',', 'mega', '.', ',', 'ca', '.', '##ap', 'series', 'e', '(', 'by', 'ca', 'timothy']"
talk,4,652,Anomaly,1.5228668416966684e-05,0.00011055921640945598,"['480', 'needed', '640', ',', 'dos', ')', 'x', 'windows', '##k', 'resolution', 'with', 'colors', '[PAD]', '[PAD]', '[PAD]', '[PAD]', '[PAD]', '[PAD]', '[PAD]', '[PAD]', '[PAD]', '[PAD]', '[PAD]', '[PAD]', '[PAD]']"
talk,4,653,Anomaly,1.2154591786384117e-06,0.0001704137830529362,"[',', 'study', 'the', '.', ',', ',', 'adam', ',', 'show', 'just', 'publish', ',', 'of', 'in', 'while', 'after', 'on', 'they', 'needles', ',', 'missed', 'to', '(', 'fulfillment', 'where']"
talk,4,654,Anomaly,1.8663205992197618e-05,0.00017583457520231605,"['cc', 'ee', '##o', '##u', '@', '.', '##ker', '!', 'sage', '!', '[PAD]', '[PAD]', '[PAD]', '[PAD]', '[PAD]', '[PAD]', '[PAD]', '[PAD]', '[PAD]', '[PAD]', '[PAD]', '[PAD]', '[PAD]', '[PAD]', '[PAD]']"
talk,4,655,Anomaly,8.13990664028097e-06,0.0001874218141892925,"['traditional', 'thanks', 'password', 'guest', 'package', 'facilitate', 'cube', 'hardware', 'using', 'user', 'radios', '##name', '##i', '[PAD]', '[PAD]', '[PAD]', '[PAD]', '[PAD]', '[PAD]', '[PAD]', '[PAD]', '[PAD]', '[PAD]', '[PAD]', '[PAD]']"
