SuperCategory,Run_ID,Sample_ID,Label,Score_Original,Score_Removed,Removed_Rationales
alt,0,0,Normal,0.0006709740264341235,0.0006740884855389595,"['should', 'there', 'periodically', 'mythical', 'caught', 'alternative', 'now', 'there', 'several', 'reluctance', 've', 'is', 't', 'years', 'you', 'times', 'i', '##ity', 'on', 'hot', 'charley', 'explain', 'not', 'metaphysical', 'should']"
alt,0,1,Normal,0.0006807273020967841,0.0007405218202620745,"['?', 'ask', 'god', 'swear', 'oath', '[PAD]', '[PAD]', '[PAD]', '[PAD]', '[PAD]', '[PAD]', '[PAD]', '[PAD]', '[PAD]', '[PAD]', '[PAD]', '[PAD]', '[PAD]', '[PAD]', '[PAD]', '[PAD]', '[PAD]', '[PAD]', '[PAD]', '[PAD]']"
alt,0,2,Normal,0.0006046126363798976,0.0005848252330906689,"['made', '##vn', 'you', 'promises', 'red', 'broken', 'everything', '[PAD]', '[PAD]', '[PAD]', '[PAD]', '[PAD]', '[PAD]', '[PAD]', '[PAD]', '[PAD]', '[PAD]', '[PAD]', '[PAD]', '[PAD]', '[PAD]', '[PAD]', '[PAD]', '[PAD]', '[PAD]']"
alt,0,3,Normal,0.0007304187165573239,0.0008733018767088652,"['must', 'verb', 'languages', 'm', 'assertion', 'word', '[PAD]', '[PAD]', '[PAD]', '[PAD]', '[PAD]', '[PAD]', '[PAD]', '[PAD]', '[PAD]', '[PAD]', '[PAD]', '[PAD]', '[PAD]', '[PAD]', '[PAD]', '[PAD]', '[PAD]', '[PAD]', '[PAD]']"
alt,0,4,Normal,0.0006811615894548595,0.000716493814252317,"['to', 'finland', 'finland', 'religious', '##ath', '90', 'atheist', 've', 'people', 'least', 'atheist', 'seem', 'population', 'how', 'surprising', 'be', 'face', 'cut', 'people', 'in', 'people', 'church', 'wonder', 'possible', 'majority']"
alt,0,160,Anomaly,0.0008163000456988811,0.0008277392480522394,"['##u', 'ed', 'cv', 'ms', 'le', '##m', 'us', 'information', 'please', '[PAD]', '[PAD]', '[PAD]', '[PAD]', '[PAD]', '[PAD]', '[PAD]', '[PAD]', '[PAD]', '[PAD]', '[PAD]', '[PAD]', '[PAD]', '[PAD]', '[PAD]', '[PAD]']"
alt,0,161,Anomaly,0.0005271195550449193,0.0006019328720867634,"['i', 'sv', 'windows', 'tell', 'in', '##ein', 'you', 'there', ',', 'host', 's', 'pc', 'on', 'well', 'up', 'i', 'win', 'on', 'exactly', '##y', '##i', 'find', 'men', 'other', ':']"
alt,0,162,Anomaly,0.0008627309580333531,0.0009271422168239951,"['david', 'truck', 'directional', '[PAD]', '[PAD]', '[PAD]', '[PAD]', '[PAD]', '[PAD]', '[PAD]', '[PAD]', '[PAD]', '[PAD]', '[PAD]', '[PAD]', '[PAD]', '[PAD]', '[PAD]', '[PAD]', '[PAD]', '[PAD]', '[PAD]', '[PAD]', '[PAD]', '[PAD]']"
alt,0,163,Anomaly,0.0005887841107323766,0.0006842792499810457,"['because', 'but', '##jm', 'une', 'mortality', 'i', '##lty', 'problem', '##ral', 'calgary', 'refer', 'heart', 'potential', 'more', 'outcomes', 'canada', 'in', 'people', 'see', 'fa', 'seventy', '##ci', 'california', 'mri', 'california']"
alt,0,164,Anomaly,0.000809958903118968,0.0009477951098233461,"['##arte', 'chips', 'ma', 'pc', 'sold', '[PAD]', '[PAD]', '[PAD]', '[PAD]', '[PAD]', '[PAD]', '[PAD]', '[PAD]', '[PAD]', '[PAD]', '[PAD]', '[PAD]', '[PAD]', '[PAD]', '[PAD]', '[PAD]', '[PAD]', '[PAD]', '[PAD]', '[PAD]']"
alt,1,0,Normal,0.001379334949888289,0.0016470386181026697,"['should', 'periodically', ""'"", '.', '.', '##ity', 've', ""'"", '.', '.', 'point', 's', ""'"", 'several', 'hot', '""', 'rational', 'think', 'religious', 'problems', '""', 'that', 'enthusiastically', '""', 'reluctance']"
alt,1,1,Normal,0.0010661770356819034,0.0014515034854412079,"['they', 'oath', 'actually', 'god', '.', '""', '[PAD]', '[PAD]', '[PAD]', '[PAD]', '[PAD]', '[PAD]', '[PAD]', '[PAD]', '[PAD]', '[PAD]', '[PAD]', '[PAD]', '[PAD]', '[PAD]', '[PAD]', '[PAD]', '[PAD]', '[PAD]', '[PAD]']"
alt,1,2,Normal,0.001348419114947319,0.0016826323699206114,"['""', 'can', 'be', 'broken', 'than', '.', '##ine', '""', 'made', '""', 'would', 'promises', '""', '""', 'red', '.', 'have', 'been', 'that', '""', 'moral', '[PAD]', '[PAD]', '[PAD]', '[PAD]']"
alt,1,3,Normal,0.0012865192256867886,0.0015834508230909705,"['word', 'must', 'complaining', 'assertion', 'languages', '""', 'about', '[PAD]', '[PAD]', '[PAD]', '[PAD]', '[PAD]', '[PAD]', '[PAD]', '[PAD]', '[PAD]', '[PAD]', '[PAD]', '[PAD]', '[PAD]', '[PAD]', '[PAD]', '[PAD]', '[PAD]', '[PAD]']"
alt,1,4,Normal,0.0012494714464992285,0.0013719917042180896,"['to', 'wonder', 'atheist', '.', '.', '.', 'minority', 'people', 'case', 'atheist', 'finland', ',', 'many', 'religious', 'minority', '##s', 'actually', 'lutheran', 'to', 'christianity', 'people', 'people', 'believe', 'thinking', 've']"
alt,1,160,Anomaly,0.0013511308934539557,0.0016503336373716593,"['game', '.', '.', 'true', '.', 'say', 'saw', 'leafs', 'news', '.', '.', 'leafs', '.', ""'"", 'guns', 'could', 'my', 'team', 'husband', 'please', 'woo', 'channel', 'something', 'tuned', 'red']"
alt,1,161,Anomaly,0.0014339388580992818,0.00197886535897851,"['questions', 'condition', 'asked', 'same', '[PAD]', '[PAD]', '[PAD]', '[PAD]', '[PAD]', '[PAD]', '[PAD]', '[PAD]', '[PAD]', '[PAD]', '[PAD]', '[PAD]', '[PAD]', '[PAD]', '[PAD]', '[PAD]', '[PAD]', '[PAD]', '[PAD]', '[PAD]', '[PAD]']"
alt,1,162,Anomaly,0.0013544784160330892,0.001503645209595561,"['ignored', '.', 'expansion', 'much', 'move', 'if', 'chris', ',', 'any', '""', '!', '##isto', '""', 'electrons', 'dense', 'much', 'less', 'are', '.', 'and', 'is', '-', 'static', '##s', 'that']"
alt,1,163,Anomaly,0.001448816736228764,0.001483186730183661,"['.', '##u', '.', 'try', '.', '@', 'packet', '_', '_', '##w', '##o', '##net', 'packet', '.', '_', 'k', 'state', 'k', '##fk', '@', '_', 'gs', 'university', 'michael', '239']"
alt,1,164,Anomaly,0.0013281856663525105,0.0016602405812591314,"['.', '.', '.', 'not', 'bits', 'tuck', 'fall', 'trousers', ""'"", 'first', 'you', 'hands', 'just', 've', 'knees', 'bits', 'one', 'down', 'you', 'easily', 'get', 'gloves', 'longer', 'pull', 'good']"
alt,2,0,Normal,0.0007672022329643369,0.001004874473437667,"['should', '[CLS]', 'several', 'are', ""'"", '}', '>', 'when', 'point', 'mythical', 'periodically', 'for', 'knowledge', '##ity', 'of', 'that', 'i', 'to', 'should', 'to', ""'"", '##ity', 'prop', 'no', 'on']"
alt,2,1,Normal,0.0010615370701998472,0.001048876903951168,"['without', '[PAD]', '[PAD]', '[PAD]', '[PAD]', '[PAD]', '[PAD]', '[PAD]', '[PAD]', '[PAD]', '[PAD]', '[PAD]', '[PAD]', '[PAD]', '[PAD]', '[PAD]', '[PAD]', '[PAD]', '[PAD]', '[PAD]', '[PAD]', '[PAD]', '[PAD]', '[PAD]', '[PAD]']"
alt,2,2,Normal,0.0006512945983558893,0.0005977239925414324,"['##vn', 'be', 'can', '[PAD]', '[PAD]', '[PAD]', '[PAD]', '[PAD]', '[PAD]', '[PAD]', '[PAD]', '[PAD]', '[PAD]', '[PAD]', '[PAD]', '[PAD]', '[PAD]', '[PAD]', '[PAD]', '[PAD]', '[PAD]', '[PAD]', '[PAD]', '[PAD]', '[PAD]']"
alt,2,3,Normal,0.0009568383684381843,0.0008608344942331314,"['languages', '[PAD]', '[PAD]', '[PAD]', '[PAD]', '[PAD]', '[PAD]', '[PAD]', '[PAD]', '[PAD]', '[PAD]', '[PAD]', '[PAD]', '[PAD]', '[PAD]', '[PAD]', '[PAD]', '[PAD]', '[PAD]', '[PAD]', '[PAD]', '[PAD]', '[PAD]', '[PAD]', '[PAD]']"
alt,2,4,Normal,0.0008786092512309551,0.0009569870308041573,"['to', 'how', '##s', 'case', ':', '""', 'wonder', 'finland', '?', 'of', '##s', '[CLS]', 'out', 'least', 'every', 'are', '##ulate', 'members', 'atheist', 'be', 'people', ':', 'thinking', 'minority', 'could']"
alt,2,160,Anomaly,0.0010071470169350505,0.00089215487241745,"['not', '-', 'mention', 'that', 'bi', '##n', 'not', 'manager', 'dar', 'fia', 'no', 'is', 'torre', 'rat', 'm', 'into', '[PAD]', '[PAD]', '[PAD]', '[PAD]', '[PAD]', '[PAD]', '[PAD]', '[PAD]', '[PAD]']"
alt,2,161,Anomaly,0.0009831925854086876,0.0009375493973493576,"['thanks', '[PAD]', '[PAD]', '[PAD]', '[PAD]', '[PAD]', '[PAD]', '[PAD]', '[PAD]', '[PAD]', '[PAD]', '[PAD]', '[PAD]', '[PAD]', '[PAD]', '[PAD]', '[PAD]', '[PAD]', '[PAD]', '[PAD]', '[PAD]', '[PAD]', '[PAD]', '[PAD]', '[PAD]']"
alt,2,162,Anomaly,0.0009292851318605244,0.0009560942417010665,"['[CLS]', 'pm', '@', 'never', '.', 'tc', '##ians', 'copper', 'spaces', '##s', '##d', 'tanks', 'such', '.', '##olo', '##ney', 'through', '.', '-', 'ago', '.', 'to', 'up', '##er', '##ane']"
alt,2,163,Anomaly,0.001022810465656221,0.0009785369038581848,"['^', '[CLS]', '[PAD]', '[PAD]', '[PAD]', '[PAD]', '[PAD]', '[PAD]', '[PAD]', '[PAD]', '[PAD]', '[PAD]', '[PAD]', '[PAD]', '[PAD]', '[PAD]', '[PAD]', '[PAD]', '[PAD]', '[PAD]', '[PAD]', '[PAD]', '[PAD]', '[PAD]', '[PAD]']"
alt,2,164,Anomaly,0.0008974524098448455,0.0009117689332924783,"['[CLS]', 'are', 'why', '-', 'really', '##s', 'to', '-', 'you', '-', 'getting', '-', 'so', 'state', '-', 'can', 'to', 'their', 'about', '##s', 'guy', '-', 'than', 'kicks', '-']"
alt,3,0,Normal,0.000654189963825047,0.000573841854929924,"['[CLS]', '}', 'several', 'metaphysical', 'wing', 'mythical', '##vable', 'un', '}', '##sol', 'knowledge', 'religious', 'charley', 'periodically', 'pops', 'problems', '}', '}', 'alternative', 'enthusiastically', '}', 'for', 'explain', 've', 'reluctance']"
alt,3,1,Normal,0.0005799250793643296,0.000544438255019486,"['they', 'heard', 'god', 'god', 'swear', 'california', 'mention', '[PAD]', '[PAD]', '[PAD]', '[PAD]', '[PAD]', '[PAD]', '[PAD]', '[PAD]', '[PAD]', '[PAD]', '[PAD]', '[PAD]', '[PAD]', '[PAD]', '[PAD]', '[PAD]', '[PAD]', '[PAD]']"
alt,3,2,Normal,0.0005071839550510049,0.0004822395567316562,"['promises', 'moral', '##ef', '[CLS]', 'red', '[PAD]', '[PAD]', '[PAD]', '[PAD]', '[PAD]', '[PAD]', '[PAD]', '[PAD]', '[PAD]', '[PAD]', '[PAD]', '[PAD]', '[PAD]', '[PAD]', '[PAD]', '[PAD]', '[PAD]', '[PAD]', '[PAD]', '[PAD]']"
alt,3,3,Normal,0.0006159298354759812,0.0005079688271507621,"['word', 'verb', 'must', 'i', 'm', '[PAD]', '[PAD]', '[PAD]', '[PAD]', '[PAD]', '[PAD]', '[PAD]', '[PAD]', '[PAD]', '[PAD]', '[PAD]', '[PAD]', '[PAD]', '[PAD]', '[PAD]', '[PAD]', '[PAD]', '[PAD]', '[PAD]', '[PAD]']"
alt,3,4,Normal,0.0005426561692729592,0.0005186047055758536,"['to', '[CLS]', 'atheist', 'wonder', 'case', 'out', 'god', 'seems', 'a', 'face', 'atheist', 'seem', 'christianity', '90', 'believe', 'surprising', 'spec', '""', 'many', 'people', 'about', ',', 'it', 'how', 'every']"
alt,3,160,Anomaly,0.0005967176402918994,0.0006579020991921425,"['[CLS]', 'archival', 'char', 'des', 'memory', 'the', 'meg', 'key', 'statement', '##ci', 'file', 'library', 'address', 'has', 'an', 'given', 'with', '##i', 'using', 'a', 'limitations', 'key', 'office', 'anyone', 'nothing']"
alt,3,161,Anomaly,0.0006637044716626406,0.0006453234236687422,"['83', '[PAD]', '[PAD]', '[PAD]', '[PAD]', '[PAD]', '[PAD]', '[PAD]', '[PAD]', '[PAD]', '[PAD]', '[PAD]', '[PAD]', '[PAD]', '[PAD]', '[PAD]', '[PAD]', '[PAD]', '[PAD]', '[PAD]', '[PAD]', '[PAD]', '[PAD]', '[PAD]', '[PAD]']"
alt,3,162,Anomaly,0.0007010308909229934,0.0008006282150745392,"['-', '-', '-', '-', ',', 'is', '.', '-', 'there', '-', 'posted', 'sony', '.', 'drives', '[CLS]', 'updated', 'matt', '-', '##ect', 'cheers', 'with', 'mac', '-', '-', '-']"
alt,3,163,Anomaly,0.0005927203455939889,0.0005495260702446103,"['[CLS]', 'zion', '#', 'mcgill', '>', 'ignorant', '##ism', 'syria', 'author', 're', 'mcgill', 'racism', 'emi', '#', '##tting', 'student', 'so', 'thought', 'zion', 'daily', '#', '##ism', '#', 'un', 'zion']"
alt,3,164,Anomaly,0.0006251581362448633,0.0005628530052490532,"['sam', '##f', '[PAD]', '[PAD]', '[PAD]', '[PAD]', '[PAD]', '[PAD]', '[PAD]', '[PAD]', '[PAD]', '[PAD]', '[PAD]', '[PAD]', '[PAD]', 'screen', 'ever', 'pop', 'monitor', 'lines', 'sony', 'lines', '##0', 'hear', '##x']"
alt,4,0,Normal,0.001304771052673459,0.0013702255673706532,"['knowledge', '##vable', 'religious', '##ity', 'and', 'no', 'periodically', 'several', 'metaphysical', 'for', '.', 'no', 'point', 'by', 'rational', 'an', 's', '}', 'there', 'mythical', '}', 'not', 'explain', '""', '""']"
alt,4,1,Normal,0.0015006596222519875,0.0013759031426161528,"['?', 'courtroom', 'god', 'god', 'oath', '[PAD]', '[PAD]', '[PAD]', '[PAD]', '[PAD]', '[PAD]', '[PAD]', '[PAD]', '[PAD]', '[PAD]', '[PAD]', '[PAD]', '[PAD]', '[PAD]', '[PAD]', '[PAD]', '[PAD]', '[PAD]', '[PAD]', '[PAD]']"
alt,4,2,Normal,0.0014509526081383228,0.0015147015219554305,"['than', 'everything', 'be', 'broken', 'moral', 'been', 'made', 'promises', 'whatever', 'the', 'system', '##mps', 't', '""', 'except', '[PAD]', '[PAD]', '[PAD]', '[PAD]', '[PAD]', '[PAD]', '[PAD]', '[PAD]', '[PAD]', '[PAD]']"
alt,4,3,Normal,0.0013000390026718378,0.0013000390026718378,"['[PAD]', '[PAD]', '[PAD]', '[PAD]', '[PAD]', '[PAD]', '[PAD]', '[PAD]', '[PAD]', '[PAD]', '[PAD]', '[PAD]', '[PAD]', '[PAD]', '[PAD]', '[PAD]', '[PAD]', '[PAD]', '[PAD]', '[PAD]', '[PAD]', '[PAD]', '[PAD]', '[PAD]', '[PAD]']"
alt,4,4,Normal,0.0013329759240150452,0.0012538559967651963,"['wonder', 'atheist', 'atheist', 'case', 'many', 'how', 'population', 'religious', 'finland', 'church', '%', ',', 'be', '.', 'spec', 'just', 'to', 'lutheran', '90', 'though', 'large', 'god', 'i', 'even', 'people']"
alt,4,160,Anomaly,0.0013869787799194455,0.001342714298516512,"['-', '-', '-', '%', '%', ""'"", 't', ""'"", '-', '-', '%', '-', '-', '##space', 'i', '-', 'used', 'connections', '-', '-', 'was', '-', '-', 'didn', 'questions']"
alt,4,161,Anomaly,0.0016173392068594694,0.0016771110240370035,"['mv', '##ille', 'news', 'electronics', ""'"", 'circulation', 'org', 'magazine', ""'"", '[PAD]', '[PAD]', '[PAD]', '[PAD]', '[PAD]', '[PAD]', '[PAD]', '[PAD]', '[PAD]', '[PAD]', '[PAD]', '[PAD]', '[PAD]', '[PAD]', '[PAD]', '[PAD]']"
alt,4,162,Anomaly,0.0015291254967451096,0.001649687997996807,"['u', 'with', '.', 'opinion', 'i', 'representation', '.', 'territories', ""'"", 'u', 's', 'rep', 'congress', 'others', 'and', 'each', '.', 'guess', 'its', '?', '.', ')', '.', 'done', 'up']"
alt,4,163,Anomaly,0.001378373708575964,0.0014340559719130397,"['one', '1982', 'six', '.', 'somewhere', 'check', 'available', 'ground', 'mechanical', '##tor', '.', 'want', 'it', '_', 'used', 'all', 'gm', 'whatever', 'and', '_', '##er', 'if', 'can', 'check', '[PAD]']"
alt,4,164,Anomaly,0.0012923842296004295,0.001527708489447832,"['just', 'manner', 's', 'this', 'behave', 'monitor', '[PAD]', '[PAD]', '[PAD]', '[PAD]', '[PAD]', '[PAD]', '[PAD]', '[PAD]', '[PAD]', '[PAD]', '[PAD]', '[PAD]', '[PAD]', '[PAD]', '[PAD]', '[PAD]', '[PAD]', '[PAD]', '[PAD]']"
comp,0,0,Normal,5.6336451962124556e-05,7.499399362131953e-05,"['##sum', 'program', 'ex', '##g', '-', 'hello', 'program', 'with', 'm', 'performance', 'feb', 'mit', '31', 'cd', 'mainly', 'thoughts', '##view', '##q', '.', '##s', 'that', 'it', '/', 'm', 'pleased']"
comp,0,1,Normal,6.230735743883997e-05,6.83497783029452e-05,"['.', 'v', '.', 'meg', '.', 'disk', 'technician', '##v', 'by', 'device', 'diagnostic', 'rarely', '.', 'system', 'file', 'with', 'program', 'more', 'whenever', '.', 'gold', '14', '##1', '##dr', 'use']"
comp,0,2,Normal,5.5968037486309186e-05,6.217437476152554e-05,"['folder', '.', 'folder', '##s', 'multiple', '##s', 'use', 'with', 'printing', 'the', '-', '##t', 'file', 'program', 'desktop', '.', 'so', '##t', '[PAD]', '[PAD]', '[PAD]', '[PAD]', '[PAD]', '[PAD]', '[PAD]']"
comp,0,3,Normal,6.610661512240767e-05,7.154267223086208e-05,"['hi', '.', 'system', 'systems', '.', 'for', 'million', 'advertisement', 'concluded', 'twenty', 'list', 'delta', '.', 'with', 'no', 'incompatible', 'from', 'after', 'of', 'with', 't', 'desktop', 'different', 'part', 'it']"
comp,0,4,Normal,5.826271808473393e-05,7.208650640677661e-05,"['standard', 'platform', '##n', 'x', 'level', 'and', 'wide', 'windows', 'g', 'characters', '3', 'applications', '##n', 'multi', 'contain', 'mac', 'windows', 'or', 'nt', 'platforms', '[PAD]', '[PAD]', '[PAD]', '[PAD]', '[PAD]']"
comp,0,979,Anomaly,7.707179611315951e-05,0.00010221623233519495,"['h', 'tigers', 'with', '3', '##ru', '0', 'e', 'ec', 'r', 'tiger', 'from', '1st', 'completed', 'ec', '9', '7', '3', 'barnes', '.', '2', 'double', 'k', 'other', '##kers', 'two']"
comp,0,980,Anomaly,5.7477376685710624e-05,7.20006792107597e-05,"['.', 'general', '>', 'after', 'systems', 'lifestyle', '##is', '>', 'poor', '>', '>', '##te', 'economic', 'family', 'such', '>', 'responsible', '>', 'poor', 'social', 'all', ')', ""'"", 'themselves', 'sudden']"
comp,0,981,Anomaly,6.717869837302715e-05,7.126154378056526e-05,"['law', 'sabbath', 'sol', 'by', '##ura', '##ght', '##ru', '##ru', '##a', 'power', 'ch', 'recognize', 'effect', '##ler', 'establishing', 'really', 'mono', 'script', 'above', 'into', 'ch', '##phy', 'law', 'of', 'of']"
comp,0,982,Anomaly,7.734847895335406e-05,8.184865873772651e-05,"['.', '.', 'dealer', 'inventory', 'any', 'rare', 'and', 'hand', 'or', '[PAD]', '[PAD]', '[PAD]', '[PAD]', '[PAD]', '[PAD]', '[PAD]', '[PAD]', '[PAD]', '[PAD]', '[PAD]', '[PAD]', '[PAD]', '[PAD]', '[PAD]', '[PAD]']"
comp,0,983,Anomaly,6.34076350252144e-05,7.553608156740665e-05,"['be', '.', '.', 'cases', 'to', 'insurance', 'system', 'plain', 'system', 'health', 'others', 'industry', '##oted', 'case', 'worthy', 'few', '##qu', 'with', 'by', '##formed', 'ama', 'most', 'reasoned', 'insurance', 'mis']"
comp,1,0,Normal,0.00014037579239811748,0.00012362952111288905,"['i', '!', 'ok', 'crash', 'cd', 'bb', 'program', 'feb', 'program', 'a', '##sum', '-', 'lot', 'm', 'it', 't', '-', 'performance', '/', 'program', 'quite', 'it', '##view', 'ex', '.']"
comp,1,1,Normal,0.00012858881382271647,0.00011921219993382692,"['end', 'having', 'something', 'unusual', 'by', '.', '.', 'version', 'first', 'for', 'happen', 'out', 'notorious', 'hard', 'it', 'program', 'it', 'device', 'problems', 'is', '##boot', 'wrong', 'hard', 'else', 'system']"
comp,1,2,Normal,0.0001360931491944939,0.00012724322732537985,"['the', 'win', 'have', 's', 'drag', 't', 'multiple', '3', ',', '-', ""'"", '.', 'manager', 'which', 'features', 'fm', 'desktop', 'i', 't', 'program', ',', ""'"", 'well', 'and', 'far']"
comp,1,3,Normal,0.0001386730291415006,0.00011830797302536666,"['all', ',', '.', 't', 'delta', 'to', 'of', 'concluded', 'it', 'for', 'software', 'me', ""'"", 'course', 'part', '.', 'animated', 'well', 'wait', 'no', 'desktop', 'didn', 'systems', ""'"", 're']"
comp,1,4,Normal,0.00014353005099110305,0.00014243970508687198,"['nt', 'platform', '.', 'mac', 'and', 'platforms', 'multi', 'for', '3', 'what', 'windows', 'contain', '##18', '1', 'support', 'can', '##n', 'that', 'windows', 'standard', '[PAD]', '[PAD]', '[PAD]', '[PAD]', '[PAD]']"
comp,1,979,Anomaly,0.0001628213794901967,0.00013625973952002823,"['reform', '##nn', '##nn', 't', 'dodge', 'care', 's', 'to', 'don', 'fixed', 'which', 'and', 'car', 'pick', 'that', 'it', 'and', '.', 'not', 'piece', 'it', '/', 'it', 'would', 'agree']"
comp,1,980,Anomaly,0.0003463796165306121,0.0003036274865735322,"['[CLS]', '[PAD]', '[PAD]', '[PAD]', '[PAD]', '[PAD]', '[PAD]', '[PAD]', '[PAD]', '[PAD]', '[PAD]', '[PAD]', '[PAD]', '[PAD]', '[PAD]', '[PAD]', '[PAD]', '[PAD]', '[PAD]', '[PAD]', '[PAD]', '[PAD]', '[PAD]', '[PAD]', '[PAD]']"
comp,1,981,Anomaly,0.0001389293756801635,0.00012448689085431397,"['mcgill', 'send', 'me', '##ism', 'zion', 're', 'was', 'at', ',', 'mcgill', 'newspaper', 'mail', 'so', 'was', ',', ')', 'and', 'student', 'thankfully', 's', ':', 'is', '[PAD]', '[PAD]', '[PAD]']"
comp,1,982,Anomaly,0.00012456660624593496,0.00010680089326342568,"['fair', ',', ',', 'be', 'non', 'pre', '20', ',', ',', '##his', 'lizard', '-', '-', 'long', 'they', 'have', '000', 'that', 'have', 'carbon', 'i', 'bc', 'that', 'it', '##tory']"
comp,1,983,Anomaly,0.0003463796165306121,0.0003036274865735322,"['[CLS]', '[PAD]', '[PAD]', '[PAD]', '[PAD]', '[PAD]', '[PAD]', '[PAD]', '[PAD]', '[PAD]', '[PAD]', '[PAD]', '[PAD]', '[PAD]', '[PAD]', '[PAD]', '[PAD]', '[PAD]', '[PAD]', '[PAD]', '[PAD]', '[PAD]', '[PAD]', '[PAD]', '[PAD]']"
comp,2,0,Normal,6.982040213188156e-05,8.42638619360514e-05,"['[CLS]', '!', 'i', '##sum', 'the', 'a', 'acquired', 'the', 'bb', 'a', 'cd', 'the', 'running', 'play', 'is', '##g', 'start', 'a', 'was', 'background', '##e', 'm', 'use', '##i', 'a']"
comp,2,1,Normal,6.243096140678972e-05,7.857265154598281e-05,"['[CLS]', 'having', 'something', 'is', 'a', 'minor', 'first', 'happen', 'am', 'out', 'called', 'works', 'end', 'is', '##dr', 'drive', 'a', 'one', 'a', 'on', 'running', '##v', 'live', 'gold', 'drive']"
comp,2,2,Normal,6.50176516501233e-05,6.228417623788118e-05,"['fm', 'is', 'win', 'superior', 't', 'multiple', '3', 'printing', 'manager', 'use', 'far', 'in', 'have', 'do', '[PAD]', '[PAD]', '[PAD]', '[PAD]', '[PAD]', '[PAD]', '[PAD]', '[PAD]', '[PAD]', '[PAD]', '[PAD]']"
comp,2,3,Normal,6.962161569390446e-05,7.761076994938776e-05,"['all', '[CLS]', ',', 'the', 'to', 'advertisement', 'twenty', 'gotten', 'had', 'desktop', 'for', 'boyfriend', 'getting', 'animated', 'an', 'list', 'it', 'it', 'hi', 'a', 'gift', 'one', '##point', 'million', 'was']"
comp,2,4,Normal,5.529449481400661e-05,5.762245200457983e-05,"['is', 'nt', '##18', '##18', 'standard', 'windows', 'exists', 'are', '##ji', 'multi', 'on', 'windows', '##n', '[PAD]', '[PAD]', '[PAD]', '[PAD]', '[PAD]', '[PAD]', '[PAD]', '[PAD]', '[PAD]', '[PAD]', '[PAD]', '[PAD]']"
comp,2,979,Anomaly,5.117480759508908e-05,5.742028952226974e-05,"['[CLS]', ',', 'of', 'is', 'is', 'a', 'the', 'belief', 'a', 'in', 'ib', 'non', 'that', '##ility', 'people', 'is', 'belief', 'basis', 'god', 'world', 'on', 'point', '##ept', 'belief', 'start']"
comp,2,980,Anomaly,9.051305096363649e-05,8.422293467447162e-05,"['goals', 'was', '[PAD]', '[PAD]', '[PAD]', '[PAD]', '[PAD]', '[PAD]', '[PAD]', '[PAD]', '[PAD]', '[PAD]', '[PAD]', '[PAD]', '[PAD]', '[PAD]', '[PAD]', '[PAD]', '[PAD]', '[PAD]', '[PAD]', '[PAD]', '[PAD]', '[PAD]', '[PAD]']"
comp,2,981,Anomaly,5.986502219457179e-05,8.434912888333201e-05,"['pointed', '[CLS]', 'the', 'great', 'the', 'the', 'red', '500', '##ivism', 'ne', 'contest', 'sox', 'the', 'the', 'any', 'were', 'tradition', 'a', 'to', 'heights', 'this', 'their', 'am', 'go', 'record']"
comp,2,982,Anomaly,6.739313539583236e-05,8.702045306563377e-05,"['[CLS]', 'i', 'the', ""'"", 'a', 'a', 'home', 'anything', 'do', 'm', 'state', 'person', 'one', 'one', '.', 'is', '.', 'back', 'have', 'each', 'every', 'thank', '""', 'her', '!']"
comp,2,983,Anomaly,0.00014043497503735125,0.00016372343816328794,"['[CLS]', '[PAD]', '[PAD]', '[PAD]', '[PAD]', '[PAD]', '[PAD]', '[PAD]', '[PAD]', '[PAD]', '[PAD]', '[PAD]', '[PAD]', '[PAD]', '[PAD]', '[PAD]', '[PAD]', '[PAD]', '[PAD]', '[PAD]', '[PAD]', '[PAD]', '[PAD]', '[PAD]', '[PAD]']"
comp,3,0,Normal,3.403364826226607e-05,5.841347228852101e-05,"['have', '##sum', 'performance', 'ex', 'cd', 'program', '##cd', 'thoughts', 'quite', 'lot', 'bb', 'acquired', 'free', 'background', 'feb', 'crash', '##view', '##q', 'mainly', 'load', 'program', 'i', 'des', '2', '31']"
comp,3,1,Normal,3.0004099244251847e-05,4.8146117478609085e-05,"['v', 'gold', 'end', 'meg', 'drive', 'live', 'checked', 'time', 'hard', '1', 'else', 'upon', 'drive', 'program', 'system', 'anything', 'driver', 'on', 'out', 'technician', 'problems', '63', 'necessary', 'detect', 'wrong']"
comp,3,2,Normal,3.218606798327528e-05,3.7329602491809055e-05,"['fm', 'win', '3', 'superior', 'manager', 'drag', '##win', 'do', 'printing', 'drop', '[PAD]', '[PAD]', '[PAD]', '[PAD]', '[PAD]', '[PAD]', '[PAD]', '[PAD]', '[PAD]', '[PAD]', '[PAD]', '[PAD]', '[PAD]', '[PAD]', '[PAD]']"
comp,3,3,Normal,2.96940743282903e-05,4.9626309191808105e-05,"['back', '$', 'incompatible', 'advertisement', 'million', '##point', 'questions', 'systems', 'course', 'what', 'install', 'me', 'load', 'went', 'list', 'no', 'concluded', 'well', 'willing', 'twenty', 'software', 'and', 'software', 'seemingly', 'about']"
comp,3,4,Normal,3.633679079939611e-05,4.782792893820442e-05,"['nt', 'windows', 'mac', '##18', '1', 'x', 'platform', 'wide', '[PAD]', '[PAD]', '[PAD]', '[PAD]', '[PAD]', '[PAD]', '[PAD]', '[PAD]', '[PAD]', '[PAD]', '[PAD]', '[PAD]', '[PAD]', '[PAD]', '[PAD]', '[PAD]', '[PAD]']"
comp,3,979,Anomaly,4.199097020318732e-05,6.551553815370426e-05,"['please', '?', 'info', 'me', '[PAD]', '[PAD]', '[PAD]', '[PAD]', '[PAD]', '[PAD]', '[PAD]', '[PAD]', '[PAD]', '[PAD]', '[PAD]', '[PAD]', '[PAD]', '[PAD]', '[PAD]', '[PAD]', '[PAD]', '[PAD]', '[PAD]', '[PAD]', '[PAD]']"
comp,3,980,Anomaly,8.62716551637277e-05,8.62716551637277e-05,"['[PAD]', '[PAD]', '[PAD]', '[PAD]', '[PAD]', '[PAD]', '[PAD]', '[PAD]', '[PAD]', '[PAD]', '[PAD]', '[PAD]', '[PAD]', '[PAD]', '[PAD]', '[PAD]', '[PAD]', '[PAD]', '[PAD]', '[PAD]', '[PAD]', '[PAD]', '[PAD]', '[PAD]', '[PAD]']"
comp,3,981,Anomaly,3.632880179793574e-05,4.905894456896931e-05,"['safety', 'overseas', 'russians', 'interests', 'country', 'americans', 'buy', 'mention', 'buy', '##lling', 'anyone', 'military', 'notice', 'ii', 'lu', 'don', 'wouldn', 'work', '[PAD]', '[PAD]', '[PAD]', '[PAD]', '[PAD]', '[PAD]', '[PAD]']"
comp,3,982,Anomaly,4.3029707740060985e-05,7.20582902431488e-05,"['face', 'further', 'anger', 'turks', 'turks', 'world', 'serbs', 'dies', 'shocking', 'death', 'bosnian', 'serbs', 'barbarians', 'understand', 'work', 'propaganda', 'understand', 'serbs', 'propaganda', 'og', 'know', 'must', 'battle', 'context', 'turks']"
comp,3,983,Anomaly,4.233742947690189e-05,5.540195343201049e-05,"['ed', 'harvard', 'dem', 'sho', 'das', 'adam', 'adam', 'likely', 'proposal', '@', '##u', 'bunk', '##ck', 'adam', 'productive', '[PAD]', '[PAD]', '[PAD]', '[PAD]', '[PAD]', '[PAD]', '[PAD]', '[PAD]', '[PAD]', '[PAD]']"
comp,4,0,Normal,7.271125650731847e-05,5.3694577218266204e-05,"['.', ""'"", ""'"", 'crash', 'doesn', 'hello', 'recently', 'program', 'm', '##cd', '##sum', 'with', 'to', '31', 'i', 'ex', 'bb', 'program', 'thoughts', 'happens', 'program', 'stop', 'crash', '##q', 'background']"
comp,4,1,Normal,9.72038833424449e-05,7.118412759155035e-05,"['end', 'unusual', 'happen', 'called', 'very', 'checked', 'something', 'technician', 'upon', 'use', 'program', 'drive', '.', 'out', 'whenever', 'on', 'hard', ')', 'drive', 'is', '1', 'disk', 'gold', 'live', 'windows']"
comp,4,2,Normal,0.00010209926404058933,7.310342334676534e-05,"[""'"", 'have', ""'"", 'sorry', 't', 'win', 'the', 'drop', 'do', 'use', 'drag', 'don', '3', '##t', 'many', 'manager', 'fm', '##s', 'in', '[PAD]', '[PAD]', '[PAD]', '[PAD]', '[PAD]', '[PAD]']"
comp,4,3,Normal,8.242928743129596e-05,6.137730815680698e-05,"['.', 'all', 'hi', 'didn', '.', ""'"", 'part', 'wait', 'went', 'load', 'would', ""'"", 'getting', 't', 'to', 'of', 'load', 'willing', 'my', 'i', 'desktop', 'seemingly', 'had', '.', 'questions']"
comp,4,4,Normal,9.177582978736609e-05,7.520263170590624e-05,"['nt', 'windows', 'platform', '1', '##18', '##n', 'support', 'for', 'mac', 'windows', 'on', 'contain', '##18', '[PAD]', '[PAD]', '[PAD]', '[PAD]', '[PAD]', '[PAD]', '[PAD]', '[PAD]', '[PAD]', '[PAD]', '[PAD]', '[PAD]']"
comp,4,979,Anomaly,9.576894080964848e-05,7.943026866996661e-05,"['guaranteed', 'worth', 'fort', 'in', 'of', 'border', 'attack', 'gaines', 'summer', 'in', '.', '##ville', '[PAD]', '[PAD]', '[PAD]', '[PAD]', '[PAD]', '[PAD]', '[PAD]', '[PAD]', '[PAD]', '[PAD]', '[PAD]', '[PAD]', '[PAD]']"
comp,4,980,Anomaly,6.967440276639536e-05,5.895056528970599e-05,"['!', 'of', 'on', 'i', 'black', 'ya', 'know', 'tournament', '##aine', 'winner', 'cause', '.', '##ya', 'seen', 'kari', 'east', 'di', 'go', 'bears', 'campus', 'award', 'pat', 'champions', 'that', '[PAD]']"
comp,4,981,Anomaly,7.059323252178729e-05,5.8290999731980264e-05,"['him', 'rs', 'an', 'pit', 'want', 'to', 'claims', '##break', ""'"", 'un', 'don', ""'"", 't', 'there', 'vendor', 'any', 'for', 'out', 'algorithms', 'sloppy', '""', 'is', 'is', 'should', 'matter']"
comp,4,982,Anomaly,5.8745474234456196e-05,4.6864683099556714e-05,"['car', ""'"", '.', ']', 'been', '##e', 'granted', 'neighbors', 'interesting', 've', 'dog', 'nearly', 'deleted', 'my', 'quite', 'collision', '30', 'noon', 'hit', 'ways', 'this', 'can', 'claim', '""', 'mentioned']"
comp,4,983,Anomaly,5.52603742107749e-05,4.518550122156739e-05,"['##class', 'fundamentally', 'provided', 'tom', 'sound', 'hand', 'aristotle', ""'"", 'or', 'keep', 'has', 'a', 'un', '##nk', 'princeton', 'rather', 'other', 'flu', 'crucial', '##ified', 'term', 'steps', 'phillips', 'certain', 'to']"
misc,0,0,Normal,0.0005993722006678581,0.0006559857865795493,"['prof', '##net', '.', 'like', '.', 'requested', 'flooding', ',', 'am', '.', 'will', '.', 'privately', 'of', '##net', 'printing', 'write', ',', 'college', 'to', 'who', 'i', 'advice', 'dear', 'would']"
misc,0,1,Normal,0.0006306485156528652,0.0006851298967376351,"['.', 'expo', '.', '##ctable', 'new', ',', 'h', '1200', 'of', 'proof', 'motorola', 'very', 'of', 'motorola', 'price', '##t', '##wat', 'worth', 'band', 'new', 'bullet', 'yes', '.', 'synth', 'good']"
misc,0,2,Normal,0.000507936580106616,0.0005786809488199651,"[',', 'd', 'works', 'have', 'ko', '##rg', 'change', 'rack', 'pitch', 'notes', '.', '300', '(', ')', 'i', 'parts', 'synthesizer', 'change', '.', '.', ""'"", 'midi', 'to', 'alone', 'shift']"
misc,0,3,Normal,0.000716106966137886,0.0007441998459398746,"['of', '.', 'nations', 'switzerland', 'folder', 'regarding', '##s', 'price', 'offices', 'n', 'folder', '60', 'geneva', 'folder', '.', '.', 'take', 'folder', 'current', 'york', 'new', '50', '10', '##ir', 'issued']"
misc,0,4,Normal,0.0007109258440323174,0.0008644990157335997,"['sony', 'x', '.', '2', '.', '5', 'am', '*', '100', 'at', 'selling', 'sells', '(', 'new', '$', '60', '*', 'why', 'used', 'sony', 'for', 'gets', 'am', ')', '60']"
misc,0,195,Anomaly,0.000648226763587445,0.0008601081208325922,"['kent', '.', 'systems', 'books', 'buddhism', 'non', 'cheers', 'fine', 'issues', ',', 'christian', 'rev', 'reading', 'related', 'related', '##ise', 'without', 'non', 'need', 'empirical', 'tune', 'couple', 'believe', 'instance', '[PAD]']"
misc,0,196,Anomaly,0.0006449822103604674,0.0007464748341590166,"['club', 'charter', '##j', 'member', '##f', 'fungus', '>', 'lips', '[PAD]', '[PAD]', '[PAD]', '[PAD]', '[PAD]', '[PAD]', '[PAD]', '[PAD]', '[PAD]', '[PAD]', '[PAD]', '[PAD]', '[PAD]', '[PAD]', '[PAD]', '[PAD]', '[PAD]']"
misc,0,197,Anomaly,0.0006310560856945813,0.0006921135354787111,"['desire', ')', 'alter', ')', 'dc', 'mod', '.', 'latch', '(', 'port', 'order', 'duty', 'p', 'micro', '.', 'question', '80', 'and', 'and', 'reliable', 'vary', '[PAD]', '[PAD]', '[PAD]', '[PAD]']"
misc,0,198,Anomaly,0.0005128515185788274,0.0006451840745285153,"['none', 'sounds', '.', 'annoying', 'ice', 'dumb', '.', 'familiar', 'idiots', 'yep', 'pose', 'loud', 'cool', 'rain', 'looks', '[PAD]', '[PAD]', '[PAD]', '[PAD]', '[PAD]', '[PAD]', '[PAD]', '[PAD]', '[PAD]', '[PAD]']"
misc,0,199,Anomaly,0.00048635597340762615,0.0004998590447939932,"['divorced', '.', 'acting', '[PAD]', '[PAD]', '[PAD]', '[PAD]', '[PAD]', '[PAD]', '[PAD]', '[PAD]', '[PAD]', '[PAD]', '[PAD]', '[PAD]', '[PAD]', '[PAD]', '[PAD]', '[PAD]', '[PAD]', '[PAD]', '[PAD]', '[PAD]', '[PAD]', '[PAD]']"
misc,1,0,Normal,0.0005369767895899713,0.0008951587369665504,"['[CLS]', 'prof', 'offer', '##net', 'privately', 'grow', 'is', 'write', 'advice', 'are', 'to', '.', 'intend', 'would', 'business', 'information', 'formal', 'flooding', 'myself', 'on', 'to', 'college', 'am', 'whom', 'can']"
misc,1,1,Normal,0.00044598025851882994,0.0007257001125253737,"['[CLS]', 'expo', '##t', 'them', '-', '##est', '-', '##zed', '##ru', '##asi', 'the', 'new', '##t', '##ctable', 'new', 'price', 'are', 'based', '/', '400', 'h', '[', '$', '##t', '.']"
misc,1,2,Normal,0.0004448102554306388,0.0007454446749761701,"[',', '[CLS]', '##rg', 'd', 'for', 'ko', 'have', 'well', 'works', 'intel', '##v', '00', '$', 'sale', 'sing', 'alone', '##li', 'shipping', 'harmonies', 'into', '300', 'and', '+', 'singing', 'hi']"
misc,1,3,Normal,0.0005948896869085729,0.0009113835985772312,"['[CLS]', 'of', 'are', 'nations', '##s', '##s', 'switzerland', 'folder', 'in', ')', 'catalog', 'geneva', 'offices', '%', 'never', 'issued', 'are', 'regarding', 'along', 'mint', '##s', 'total', 'york', '.', 'united']"
misc,1,4,Normal,0.0005368950078263879,0.001094706472940743,"['[CLS]', ')', '*', 'you', '*', 'small', '*', 'b', 'sells', 'inch', 'am', '*', 'sony', '100', '(', 'b', 'is', '""', '""', '-', '$', 'x', 'can', '*', '*']"
misc,1,195,Anomaly,0.0006878192652948201,0.0009066081838682294,"['[CLS]', 'you', 'raise', '[PAD]', '[PAD]', '[PAD]', '[PAD]', '[PAD]', '[PAD]', '[PAD]', '[PAD]', '[PAD]', '[PAD]', '[PAD]', '[PAD]', '[PAD]', '[PAD]', '[PAD]', '[PAD]', '[PAD]', '[PAD]', '[PAD]', '[PAD]', '[PAD]', '[PAD]']"
misc,1,196,Anomaly,0.0016463445499539375,0.0021413022186607122,"['[CLS]', '[PAD]', '[PAD]', '[PAD]', '[PAD]', '[PAD]', '[PAD]', '[PAD]', '[PAD]', '[PAD]', '[PAD]', '[PAD]', '[PAD]', '[PAD]', '[PAD]', '[PAD]', '[PAD]', '[PAD]', '[PAD]', '[PAD]', '[PAD]', '[PAD]', '[PAD]', '[PAD]', '[PAD]']"
misc,1,197,Anomaly,0.0006111829425208271,0.0006906590424478054,"['##ve', 'en', 'her', 'can', '##tra', 'dec', '[PAD]', '[PAD]', '[PAD]', '[PAD]', '[PAD]', '[PAD]', '[PAD]', '[PAD]', '[PAD]', '[PAD]', '[PAD]', '[PAD]', '[PAD]', '[PAD]', '[PAD]', '[PAD]', '[PAD]', '[PAD]', '[PAD]']"
misc,1,198,Anomaly,0.0014796211617067456,0.0014796211617067456,"['[PAD]', '[PAD]', '[PAD]', '[PAD]', '[PAD]', '[PAD]', '[PAD]', '[PAD]', '[PAD]', '[PAD]', '[PAD]', '[PAD]', '[PAD]', '[PAD]', '[PAD]', '[PAD]', '[PAD]', '[PAD]', '[PAD]', '[PAD]', '[PAD]', '[PAD]', '[PAD]', '[PAD]', '[PAD]']"
misc,1,199,Anomaly,0.000517271226271987,0.0007510213763453066,"['[CLS]', 'are', 'suburban', 'a', 'in', 'cents', '357', 'worth', 'r', 'there', 'large', 'has', 'especially', 'valid', 'close', 'semi', '.', 'carried', 'p', 'the', 'favorite', 'cities', 'realm', 'a', 'type']"
misc,2,0,Normal,0.00046279310481622815,0.000474037165986374,"['flooding', 'use', 'aware', 'to', 'legal', '.', 'on', 'on', 'through', 'on', 'whom', 'privately', ',', 'offer', 'for', '""', 'that', 'of', 'people', 'write', 'information', 'not', '.', 'not', 'basis']"
misc,2,1,Normal,0.0004163941484875977,0.00046016808482818305,"['them', 'expo', 'worth', 'that', 'dual', '.', '1200', '[', ',', 'band', 'ind', 'un', 'it', 'synth', 'very', 'price', '>', 'know', 'has', 'i', 'of', 'proof', '.', 'or', 'motorola']"
misc,2,2,Normal,0.0005592150264419615,0.0005736104212701321,"['pitch', 'with', 'shift', 'midi', 'do', '.', 'harmonies', '.', 'it', 'pleasure', 'keyboard', 'processor', '.', 'into', 'change', 'hi', 'singing', '.', ',', 'it', 'leave', '.', 'sing', 'own', ')']"
misc,2,3,Normal,0.0005553513765335083,0.0005106058670207858,"['of', 'u', 'for', '.', 'official', 'nations', 'offices', 'price', '.', 'dealer', 'these', 'in', '##us', 'use', '##s', 'catalog', 'n', 'take', 'stamps', 'york', 'the', ',', 'listed', 'nations', 'folder']"
misc,2,4,Normal,0.0005354261957108974,0.0005078044487163424,"['tv', 'sony', 'w', 'carry', 'x', 'sony', 'inch', 'sells', 'selling', 'thus', 'reception', '*', '*', '*', 'x', '+', '*', '5', 'for', '.', 'gets', 'new', '*', ')', '.']"
misc,2,195,Anomaly,0.0006832019425928593,0.0007197975064627826,"['horizontal', 'environment', 'radar', 'environment', '##path', 'difference', 'vertical', 'multi', 'called', 'kills', 'with', 'between', 'such', '[PAD]', '[PAD]', '[PAD]', '[PAD]', '[PAD]', '[PAD]', '[PAD]', '[PAD]', '[PAD]', '[PAD]', '[PAD]', '[PAD]']"
misc,2,196,Anomaly,0.0007785789202898741,0.0007826745859347284,"[',', '.', 'suppress', 'systematically', 'physicist', 'but', 'the', 'forces', 'the', 'reciprocal', '##ing', 'years', 'universe', 'general', 'with', 'single', 'or', 'claim', 'laws', 'ignoring', 'for', 'or', '""', 'of', 'excellent']"
misc,2,197,Anomaly,0.0009431782527826726,0.001125625683926046,"['amazon', 'bike', 'consider', 'unless', '[PAD]', '[PAD]', '[PAD]', '[PAD]', '[PAD]', '[PAD]', '[PAD]', '[PAD]', '[PAD]', '[PAD]', '[PAD]', '[PAD]', '[PAD]', '[PAD]', '[PAD]', '[PAD]', '[PAD]', '[PAD]', '[PAD]', '[PAD]', '[PAD]']"
misc,2,198,Anomaly,0.0005552135407924652,0.000540004693903029,"['the', 'card', '##0', 'memory', '##48', '##8', '##48', 'proof', ':', '##x', '##48', '##7', 'on', '##6', 'video', '##bit', 'display', 'supporting', 'cards', ':', '##0', ':', 'bio', '##x', '.']"
misc,2,199,Anomaly,0.0005355286994017661,0.0006900276057422161,"[',', 'later', '-', 'ed', 'll', 'return', '.', 'ha', 'press', '##x', '.', '@', '.', '[PAD]', '[PAD]', '[PAD]', '[PAD]', '[PAD]', '[PAD]', '[PAD]', '[PAD]', '[PAD]', '[PAD]', '[PAD]', '[PAD]']"
misc,3,0,Normal,0.0009486333001405001,0.0010823213960975409,"['##net', 'use', '.', 'i', 'flooding', 'like', '.', ':', 'would', 'offer', 'advice', 'business', 'i', 'use', '.', 'privately', 'an', 'of', 'an', 'printing', 'printing', 'intend', 'dear', '##net', 'for']"
misc,3,1,Normal,0.000934567186050117,0.001067630248144269,"['them', 'expo', '##t', 'vhf', '##ctable', 'pluto', '>', '[', '.', '2', ',', '.', '##wat', 'motorola', 'new', ',', ',', '##t', 'synth', '/', 'ind', 'i', '-', '.', 'bullet']"
misc,3,2,Normal,0.0008713150164112449,0.0010133635951206088,"[',', 'ko', 'i', 'have', '.', 'a', 'works', 'd', '##rg', '.', '.', '##v', '.', '.', 'hi', 'shipping', ')', 'for', ""'"", 'of', 'it', '##mount', 'not', ':', 'rack']"
misc,3,3,Normal,0.0009429448982700706,0.0010606866562739015,"['of', 'folder', '##ir', '##s', 'nations', '.', '.', 'regarding', '.', '.', 'so', '##s', 'folder', '.', 'switzerland', 'geneva', '##s', 'are', 'arm', 'from', 'for', 'issued', '##us', 'descriptive', 'new']"
misc,3,4,Normal,0.0008815840119495988,0.0010791387176141143,"['*', '*', 'x', '*', '.', '.', '*', 'sony', 'carry', '.', 'x', '*', 'can', '.', '*', '*', ')', 'new', '.', '##2', '100', 'i', 'b', 'you', 'am']"
misc,3,195,Anomaly,0.0008380960207432508,0.0009356207447126508,"[',', ',', 'world', 'days', 'a', '.', 'ago', 'motif', 'mail', 'got', 'motif', ',', 'motif', 'and', 'improvements', 'of', 'few', 'of', ',', '##s', ',', 'motif', 'mail', 'have', 'i']"
misc,3,196,Anomaly,0.0008533054497092962,0.001056500943377614,"['[CLS]', '[PAD]', '[PAD]', '[PAD]', '[PAD]', '[PAD]', '[PAD]', '[PAD]', '[PAD]', '[PAD]', '[PAD]', '[PAD]', '[PAD]', '[PAD]', '[PAD]', '[PAD]', '[PAD]', '[PAD]', '[PAD]', '[PAD]', '[PAD]', '[PAD]', '[PAD]', '[PAD]', '[PAD]']"
misc,3,197,Anomaly,0.0008533054497092962,0.001056500943377614,"['[CLS]', '[PAD]', '[PAD]', '[PAD]', '[PAD]', '[PAD]', '[PAD]', '[PAD]', '[PAD]', '[PAD]', '[PAD]', '[PAD]', '[PAD]', '[PAD]', '[PAD]', '[PAD]', '[PAD]', '[PAD]', '[PAD]', '[PAD]', '[PAD]', '[PAD]', '[PAD]', '[PAD]', '[PAD]']"
misc,3,198,Anomaly,0.00088519137352705,0.0010343233589082956,"['=', 'involved', 'were', '.', '.', '[', 'in', 'to', 'hole', 'people', 'to', 'om', 'to', 'us', 'is', 'vacuum', 'what', 'shaped', ']', 'attributed', 'i', 'or', 'trying', 'to', 'shaped']"
misc,3,199,Anomaly,0.0010162281105294824,0.0014355330495163798,"['way', '.', '.', '.', 'although', 'federal', 'marshall', '##ric', 'rub', '.', ',', 'of', '##s', 'to', 'monopoly', '2', 'foundation', '.', '.', ':', ':', 'of', 'is', 'to', 'security']"
misc,4,0,Normal,0.0006410519708879292,0.0007798336446285248,"['like', 'offer', 'use', 'advice', 'information', 'privately', 'fun', 'requested', 'who', 'trying', '##net', 'put', 'not', 'apology', 'dear', 'am', 'people', 'i', 'flooding', 'of', '##net', 'for', 'can', '""', 'those']"
misc,4,1,Normal,0.0005622346070595086,0.0005921660922467709,"['expo', '##ctable', 'h', 'proof', 'yes', 'dual', '400', 'un', 'h', '$', 'price', '[', '2', '##ru', 'i', '400', '##ts', '!', '!', 'sure', 'worth', 'bullet', 'new', 'it', '$']"
misc,4,2,Normal,0.00047732426901347935,0.0005805650725960732,"[',', 'works', 'sing', 'well', 'd', 'your', 'do', 'leave', 'harmonies', '##li', 'can', 'can', 'with', 'intel', 'it', '5', 'up', 'hi', 'keyboard', 'can', 'sale', 'you', 'synthesizer', 'alone', 'a']"
misc,4,3,Normal,0.0004889126284979284,0.0005841950187459588,"['of', '##s', 'nations', 'any', 'folder', 'regarding', '%', 'price', 'take', 'price', 'geneva', 'switzerland', 'folder', 'take', '10', '##us', '##s', '##s', 'these', '60', 'total', 'stamps', 'more', '32', 'take']"
misc,4,4,Normal,0.0005361177027225494,0.0006185554666444659,"['it', 'x', 'sony', '100', 'can', 'that', '60', '*', '$', 'sells', '$', '60', 'all', '$', 'great', 'sony', 'small', '*', '*', '##2', 'you', '5', '*', 'it', 'b']"
misc,4,195,Anomaly,0.0005137654952704906,0.0005403136019594967,"['oh', 'clear', 'glass', 'windows', 'must', 'well', 'nothing', 'says', 'snow', 'barely', 'with', 'this', 'half', 'to', 'be', '[PAD]', '[PAD]', '[PAD]', '[PAD]', '[PAD]', '[PAD]', '[PAD]', '[PAD]', '[PAD]', '[PAD]']"
misc,4,196,Anomaly,0.0004853270365856588,0.0005705788498744369,"['applications', 'dos', 'mode', 'fixed', 'pixels', 'all', 'white', 'cu', 'scroll', 'does', 'modes', '##mo', 'windows', 'the', '256', 'random', 'entering', 'under', '.', 'just', '24', 'mode', 'hardware', 'stacks', 'turning']"
misc,4,197,Anomaly,0.0005537585238926113,0.000618466641753912,"['diagram', 'machine', 'wiring', '[PAD]', '[PAD]', '[PAD]', '[PAD]', '[PAD]', '[PAD]', '[PAD]', '[PAD]', '[PAD]', '[PAD]', '[PAD]', '[PAD]', '[PAD]', '[PAD]', '[PAD]', '[PAD]', '[PAD]', '[PAD]', '[PAD]', '[PAD]', '[PAD]', '[PAD]']"
misc,4,198,Anomaly,0.0004824716306757182,0.0005832344759255648,"['rabbits', 'my', 'self', '##less', 'can', 'clutch', 'pieces', 'i', '##sun', 'junk', 'date', 'old', 'about', 'some', 'how', 'people', 'what', '200', 'doing', 'clutch', 'i', 'was', 'shift', 'over', 'you']"
misc,4,199,Anomaly,0.0004870840930379927,0.0005770790157839656,"['.', 'respond', 'acceptance', 'complexity', '##mb', 'publicity', 'n', '##mb', 'answer', '##mb', 'us', 'would', 'had', 'fortunately', 'bran', 'all', 'understood', 'biggest', '##bs', 'above', 'bran', 'of', 'question', 'for', 'difficult']"
rec,0,0,Normal,0.00011415363405831158,0.00010399697202956304,"['i', '60', 'number', '%', 'stats', 'me', 'in', 'have', 'and', '[PAD]', '[PAD]', '[PAD]', '[PAD]', '[PAD]', '[PAD]', '[PAD]', '[PAD]', '[PAD]', '[PAD]', '[PAD]', '[PAD]', '[PAD]', '[PAD]', '[PAD]', '[PAD]']"
rec,0,1,Normal,0.0001604198187123984,0.0001604198187123984,"['[PAD]', '[PAD]', '[PAD]', '[PAD]', '[PAD]', '[PAD]', '[PAD]', '[PAD]', '[PAD]', '[PAD]', '[PAD]', '[PAD]', '[PAD]', '[PAD]', '[PAD]', '[PAD]', '[PAD]', '[PAD]', '[PAD]', '[PAD]', '[PAD]', '[PAD]', '[PAD]', '[PAD]', '[PAD]']"
rec,0,2,Normal,0.00011732482380466536,0.00010346730414312333,"['##ge', 'ada', 'worth', 'agreement', 'a', 'time', 'it', 'on', 'have', 'old', ',', 'on', 'one', 'remember', 'paper', 'proving', 'isn', 'a', 's', ',', 'proving', 'sign', 'of', 'to', 'the']"
rec,0,3,Normal,0.0001022621727315709,7.90902558946982e-05,"['that', '[CLS]', 'note', '.', '.', '.', 'have', 'all', 'h', 'i', 'team', 'the', 'roster', 'on', '##ection', 'start', 'an', 'joe', 'before', 'maclean', 'pool', 'who', 'the', 'curious', 'season']"
rec,0,4,Normal,0.0001491876319050789,0.00012101518223062158,"['3', '[CLS]', 'calder', 'schedule', 'cup', 'and', 'results', 'indians', 'home', '3', '0', 'gm', 'springfield', '5', 'full', '##i', '##esa', 'adi', 'wings', 'cd', 'adi', '##ry', 'gm', 'gm', 'gm']"
rec,0,796,Anomaly,9.827698522713035e-05,8.632799290353432e-05,"['pete', '##nco', '[CLS]', '##lor', 'the', 'su', 'x', 'are', 'the', 'fa', '##nco', 'liter', 'x', '##ma', '##ate', '##p', 'show', 'egg', 'set', '##lor', 'at', '(', 'chicken', '##p', ',']"
rec,0,797,Anomaly,0.00010447502427268773,7.380088936770335e-05,"['[CLS]', 'hand', 'one', 'advantages', 'having', 'mass', 'tuning', 'are', 'the', 'the', '.', 'on', 'attending', 'john', 'to', 'liturgy', 'preferences', 'over', 'there', 'on', 'liturgy', 'parish', 'some', 'committees', 'of']"
rec,0,798,Anomaly,9.860407590167597e-05,8.230469393311068e-05,"['bun', 'it', '##eld', '##ge', 'money', 's', '[CLS]', 'an', '##ism', 'state', 's', 'tax', '##shi', 'sky', '50', 'sell', 'van', 'percent', 'waste', 's', 'mind', 'malicious', 'people', '30', 'power']"
rec,0,799,Anomaly,0.00011302873463137075,8.989589696284384e-05,"['##j', 'wed', '##s', 'in', 'on', '[CLS]', 'w', 'the', '##ites', 'heard', 'grants', '.', 'mount', 'outlets', 'senator', 'development', 'public', 'this', 'the', 'to', 'clinton', '##arded', 'seeking', 'block', 'go']"
rec,0,800,Anomaly,9.707624121801928e-05,7.385428034467623e-05,"['[CLS]', 'have', 'which', '.', 'a', 'fairly', 'religions', 's', 'one', 'un', 'account', 'christian', 'man', 'consume', 'on', 'comparative', ""'"", 'christianity', 'decent', 'individually', '##s', '##bl', 'religions', 'jumping', 'preach']"
rec,1,0,Normal,9.833124931901693e-05,0.00010580656817182899,"['blur', 's', 'stats', 'a', 'best', '[PAD]', '[PAD]', '[PAD]', '[PAD]', '[PAD]', '[PAD]', '[PAD]', '[PAD]', '[PAD]', '[PAD]', '[PAD]', '[PAD]', '[PAD]', '[PAD]', '[PAD]', '[PAD]', '[PAD]', '[PAD]', '[PAD]', '[PAD]']"
rec,1,1,Normal,0.00011187064228579402,0.0001523065147921443,"['[CLS]', '[PAD]', '[PAD]', '[PAD]', '[PAD]', '[PAD]', '[PAD]', '[PAD]', '[PAD]', '[PAD]', '[PAD]', '[PAD]', '[PAD]', '[PAD]', '[PAD]', '[PAD]', '[PAD]', '[PAD]', '[PAD]', '[PAD]', '[PAD]', '[PAD]', '[PAD]', '[PAD]', '[PAD]']"
rec,1,2,Normal,8.015608182176948e-05,8.911663462640718e-05,"['the', 'sign', 'is', 'other', 'on', 'another', 't', 'proving', 'hell', 'a', 'on', 'based', '.', 'what', 'thing', '[PAD]', '[PAD]', '[PAD]', '[PAD]', '[PAD]', '[PAD]', '[PAD]', '[PAD]', '[PAD]', '[PAD]']"
rec,1,3,Normal,7.708472548983991e-05,9.308272274211049e-05,"['that', 'note', 'interesting', 'an', '.', '.', 'season', 'curious', '.', 'not', 'have', 'pool', 'weeks', 'get', 'touched', 'to', ')', 'all', 'maclean', 'only', 'and', 'decided', 'as', 'sac', '##ity']"
rec,1,4,Normal,0.00017572499928064644,0.00020784558728337288,"['3', 'calder', 'adi', 'adi', 'full', 'and', '##i', ',', 'home', '##ck', '##i', 'adi', '##ron', '##ron', 'first', '##i', 'indians', 'adi', '##da', 'results', 'gm', '##ck', 'cd', 'cd', 'springfield']"
rec,1,796,Anomaly,0.00010761453449958935,0.0001052868174156174,"['prior', '(', '##ient', 'those', '?', 'sm', '##s', '(', '##s', 'or', ')', '[PAD]', '[PAD]', '[PAD]', '[PAD]', '[PAD]', '[PAD]', '[PAD]', '[PAD]', '[PAD]', '[PAD]', '[PAD]', '[PAD]', '[PAD]', '[PAD]']"
rec,1,797,Anomaly,6.661991210421547e-05,6.682744424324483e-05,"['wil', 'mysteries', 'oriental', 'further', 'should', 'dig', 'charles', 'little', 'and', 'yourself', 'conclusions', 'if', 'and', 'trouble', 'or', 'find', 'over', 's', 'of', 'wil', ',', 'accepted', 'checked', 'prem', 'maybe']"
rec,1,798,Anomaly,0.00012016551772831008,0.00011355833703419194,"['=', 'someone', 'a', '##hn', 'group', 'if', '=', '=', '##o', '=', '##tly', '##ua', 'wanted', '=', 'thanks', '=', '=', 'post', 'summary', 'i', '=', '=', '=', 'interface', '=']"
rec,1,799,Anomaly,7.636194641236216e-05,8.281804184662178e-05,"['##s', 'addresses', 'l', 'the', 'un', 'please', 'list', '##yme', 'still', 'please', '4', 'addresses', '*', 'to', '.', 'the', 'will', '*', 'addresses', '##su', 'listed', 'server', 'would', 'before', 'rule']"
rec,1,800,Anomaly,6.073487747926265e-05,6.48892018944025e-05,"['just', 'payment', 'fact', 'got', 'quick', 'a', 'able', 'checking', 'account', 'monthly', 'know', 'and', 'account', 'something', 'to', 'electronically', 'from', 'features', '##m', 'month', 'be', '##s', 'monthly', '##m', 'doing']"
rec,2,0,Normal,0.00030543527100235224,0.00029812142020091414,"['number', '[CLS]', 's', '60', ""'"", 'with', '%', '[PAD]', '[PAD]', '[PAD]', '[PAD]', '[PAD]', '[PAD]', '[PAD]', '[PAD]', '[PAD]', '[PAD]', '[PAD]', '[PAD]', '[PAD]', '[PAD]', '[PAD]', '[PAD]', '[PAD]', '[PAD]']"
rec,2,1,Normal,0.0003712273028213531,0.00038525357376784086,"['address', '[PAD]', '[PAD]', '[PAD]', '[PAD]', '[PAD]', '[PAD]', '[PAD]', '[PAD]', '[PAD]', '[PAD]', '[PAD]', '[PAD]', '[PAD]', '[PAD]', '[PAD]', '[PAD]', '[PAD]', '[PAD]', '[PAD]', '[PAD]', '[PAD]', '[PAD]', '[PAD]', '[PAD]']"
rec,2,2,Normal,0.00027428934117779136,0.00027559365844354033,"['[CLS]', 'time', 'going', 'other', 'on', 'sign', 'remember', 'being', '[PAD]', '[PAD]', '[PAD]', '[PAD]', '[PAD]', '[PAD]', '[PAD]', '[PAD]', '[PAD]', '[PAD]', '[PAD]', '[PAD]', '[PAD]', '[PAD]', '[PAD]', '[PAD]', '[PAD]']"
rec,2,3,Normal,0.0002308916300535202,0.0002247243537567556,"['[CLS]', 'note', 'that', 'have', '.', 'all', 'maclean', 'francis', 'i', 'stevens', 'final', 'joe', 'kevin', 'john', 'season', 'start', 'h', ',', 's', 'r', 'of', 'my', '.', '##ity', 'the']"
rec,2,4,Normal,0.0002670820103958249,0.0003989847027696669,"['##ron', '3', 'adi', '[CLS]', 'calder', ':', 'results', 'cup', 'indians', '3', 'cd', 'vs', 'and', 'gm', '5', '##ck', 'adi', '3', '##ron', 'home', 'first', 'wings', 'gm', '##ron', 'adi']"
rec,2,796,Anomaly,0.00031308268080465496,0.00031272394699044526,"['[CLS]', 'take', 'can', 'you', 'van', 'with', '[PAD]', '[PAD]', '[PAD]', '[PAD]', '[PAD]', '[PAD]', '[PAD]', '[PAD]', '[PAD]', '[PAD]', '[PAD]', '[PAD]', '[PAD]', '[PAD]', '[PAD]', '[PAD]', '[PAD]', '[PAD]', '[PAD]']"
rec,2,797,Anomaly,0.0002588698116596788,0.00027618551393970847,"['[CLS]', 'ge', 'cr', '##d', 'ra', '##linger', 'circus', 'store', 'feathers', 'have', 'a', 'the', '##ers', 'hours', 'big', 'mca', 'the', 'the', 'ua', '##fully', 'marx', 'batch', 'the', 'animal', 'sell']"
rec,2,798,Anomaly,0.00021646564709953964,0.00023626205802429467,"['[CLS]', 'the', 'is', 'ip', 'they', 'the', 't', 'dec', 'first', 'unique', 'on', '##net', 'controller', 'assigned', 'an', 'possible', 'use', 'are', 'it', 'the', 'feature', 'there', ""'"", 'change', 'ethernet']"
rec,2,799,Anomaly,0.0002719978801906109,0.0002649034431669861,"['[CLS]', 'having', '$', 'is', 'paying', '1', 'billions', '65', 'individual', 's', 'on', 'rich', 'launch', 'purchase', 'single', 'bidding', 'the', 'companies', '##ent', 'is', 'on', '##ers', 'selected', 'for', 'cap']"
rec,2,800,Anomaly,0.0002834773622453213,0.000285979185719043,"['[CLS]', ']', 'ana', 'do', 'is', 'all', 'generations', 'needed', 'negotiations', 'like', 'think', 'i', 'to', 'future', 'peace', 'stability', 'process', 'this', 'propose', 'not', 'the', 'will', 'do', ',', 'process']"
rec,3,0,Normal,0.00014214706607162952,0.00013945983664598316,"['though', 'below', 'number', 'and', '##board', 'that', '60', 'this', '[PAD]', '[PAD]', '[PAD]', '[PAD]', '[PAD]', '[PAD]', '[PAD]', '[PAD]', '[PAD]', '[PAD]', '[PAD]', '[PAD]', '[PAD]', '[PAD]', '[PAD]', '[PAD]', '[PAD]']"
rec,3,1,Normal,0.00017211551312357187,0.0002604310284368694,"['[CLS]', '.', 'you', 'my', '[PAD]', '[PAD]', '[PAD]', '[PAD]', '[PAD]', '[PAD]', '[PAD]', '[PAD]', '[PAD]', '[PAD]', '[PAD]', '[PAD]', '[PAD]', '[PAD]', '[PAD]', '[PAD]', '[PAD]', '[PAD]', '[PAD]', '[PAD]', '[PAD]']"
rec,3,2,Normal,0.00015440692368429154,0.00014477988588623703,"['other', '.', 'remember', '.', ""'"", 'it', '.', 's', 'you', 'you', 'that', 'to', 'old', 'once', 'on', '[PAD]', '[PAD]', '[PAD]', '[PAD]', '[PAD]', '[PAD]', '[PAD]', '[PAD]', '[PAD]', '[PAD]']"
rec,3,3,Normal,0.00013426053919829428,0.00012893819075543433,"['note', '.', '.', 'i', 'on', '.', 'of', '.', '##w', 'interesting', 'i', 'again', 'bt', '.', '""', 'and', 'that', 'never', 'maclean', 'about', 'maybe', 'to', 'that', 'stevens', 'sac']"
rec,3,4,Normal,9.892455273075029e-05,0.0001070291837095283,"['##ron', '3', 'calder', 'cup', '1993', 'and', 'adi', 'adi', ':', 'adi', 'playoff', '6', 'home', 'indians', '5', '##ry', 'adi', '##ck', 'if', 'results', '2', '##ck', '*', '2', '9']"
rec,3,796,Anomaly,0.00010950789146590978,0.0001048546182573773,"['i', 'd', 'mode', '(', 'to', '.', ""'"", 'you', ')', '.', ')', '.', 'like', '.', '<', 'todd', '.', 'tis', '>', '##s', 'thanks', '>', '@', ')', '.']"
rec,3,797,Anomaly,0.00012046616757288575,0.00010474816372152418,"['old', '-', ')', 'of', 'anyone', 'have', 'which', 'me', '-', '.', '[PAD]', '[PAD]', '[PAD]', '[PAD]', '[PAD]', '[PAD]', '[PAD]', '[PAD]', '[PAD]', '[PAD]', '[PAD]', '[PAD]', '[PAD]', '[PAD]', '[PAD]']"
rec,3,798,Anomaly,0.0001404518843628466,0.00012836026144213974,"['return', 'one', 'to', 'you', 'improve', 'this', '##iy', 'of', 'out', 'then', 'of', '.', '.', 'oppressive', '.', ',', 'on', 'and', 'armenian', 'people', 'out', 'million', 'survivors', '.', 'subjects']"
rec,3,799,Anomaly,0.00015904122847132385,0.00013135296467225999,"['this', 'kind', '.', '.', 'of', '##ting', 'first', '.', '.', 'it', 's', '-', ""'"", 'on', 'everyone', '-', '.', 'now', '-', 'of', '-', '-', '-', 'be', '10']"
rec,3,800,Anomaly,0.0001441946515114978,0.00015414095832966268,"['##gic', 'ser', '.', 'ar', '.', '.', 'government', '##dar', '[PAD]', '[PAD]', '[PAD]', '[PAD]', '[PAD]', '[PAD]', '[PAD]', '[PAD]', '[PAD]', '[PAD]', '[PAD]', '[PAD]', '[PAD]', '[PAD]', '[PAD]', '[PAD]', '[PAD]']"
rec,4,0,Normal,0.00016289584164042026,0.00017367344116792083,"['[CLS]', 'a', 'i', 'the', 's', 'number', ""'"", '60', 'that', 'and', 'were', 'is', 'though', 'sac', 'at', 'the', ',', 'this', 'best', 'the', ',', 'here', 'blur', 'flies', 't']"
rec,4,1,Normal,0.00020826916443184018,0.00020847233827225864,"['address', '[PAD]', '[PAD]', '[PAD]', '[PAD]', '[PAD]', '[PAD]', '[PAD]', '[PAD]', '[PAD]', '[PAD]', '[PAD]', '[PAD]', '[PAD]', '[PAD]', '[PAD]', '[PAD]', '[PAD]', '[PAD]', '[PAD]', '[PAD]', '[PAD]', '[PAD]', '[PAD]', '[PAD]']"
rec,4,2,Normal,0.0001350200764136389,0.00013247325841803104,"['[CLS]', 'hand', 't', 'on', 'another', 'it', 'paper', 'is', 'were', 'other', 'you', 'thing', 'you', 'a', ',', 'you', 'a', 'comparison', 'remember', 'going', 'in', 'the', 'fraud', 'right', 'based']"
rec,4,3,Normal,0.0001445672387490049,0.0001373321283608675,"['note', 'that', 'was', '##w', 'picked', 'maclean', 'i', 'on', 'joe', 'on', 'who', 'not', 'of', 'the', 'sac', 'touched', 'standings', 'all', 'of', '[CLS]', 'about', '##ection', 'thing', 'got', 'all']"
rec,4,4,Normal,0.00013288107584230602,0.0001676885294727981,"['3', 'calder', '##ron', 'cup', '*', 'gm', 'adi', '[CLS]', 'playoff', 'full', 'in', 'nec', 'bruins', 'red', '=', 'springfield', ':', 'gm', 'gm', '6', 'islanders', 'gm', '1993', '##ron', '5']"
rec,4,796,Anomaly,0.00012390411575324833,0.0001263448502868414,"['christy', '##ters', ',', 'stack', '##er', 'at', 'doubled', '-', 'net', '##isk', 'reliable', 'so', 'v6', 'as', 'on', 'no', 'gold', 'go', '##er', 'just', 'doubled', 'stack', 'on', 'product', 'with']"
rec,4,797,Anomaly,0.00015015162352938205,0.00012235261965543032,"['[CLS]', '(', 'god', '-', 'tear', 'grow', '-', 'too', 'it', ':', 'mature', 'perfect', 'themselves', 'i', 'am', 'tomorrow', '##y', 'endeavour', 'up', 'it', 'desire', '.', 'i', 'me', 't']"
rec,4,798,Anomaly,0.00024117612338159233,0.00020184885943308473,"['agents', '?', 'john', '-', 'government', '[PAD]', '[PAD]', '[PAD]', '[PAD]', '[PAD]', '[PAD]', '[PAD]', '[PAD]', '[PAD]', '[PAD]', '[PAD]', '[PAD]', '[PAD]', '[PAD]', '[PAD]', '[PAD]', '[PAD]', '[PAD]', '[PAD]', '[PAD]']"
rec,4,799,Anomaly,0.00012322964903432876,0.00010237401875201613,"['request', 'for', 'cal', 'rf', 'di', '[CLS]', 'a', 'would', '##mut', 'nap', 'discussion', '##sion', 'telecom', 'real', 'i', 'open', 'tel', 'assist', 'con', '##d', '##g', 'forming', 'hires', '##eg', 'graphics']"
rec,4,800,Anomaly,0.00017656097770668566,0.00015790584438946098,"[',', '[CLS]', 'buddhism', 'a', 'non', '##ise', 'cheers', 'fine', 'systems', '-', 'buddhist', 'i', '##ism', 'issues', 'lack', 'of', 'the', 'you', 'i', 'automatically', 'think', '##s', 'in', 'appreciate', 'not']"
sci,0,0,Normal,5.2181836508680135e-05,4.1992774640675634e-05,"['indicators', 'start', 'announcement', '.', 'not', '""', 'absolute', 'multi', 'company', 'wire', '##pro', 'encryption', 'a', 'use', 'so', '##to', 'still', '[PAD]', '[PAD]', '[PAD]', '[PAD]', '[PAD]', '[PAD]', '[PAD]', '[PAD]']"
sci,0,1,Normal,4.199915565550327e-05,4.0033512050285935e-05,"[')', 'keep', 'boston', 'ns', 'forgetting', 're', '##rea', 'log', 'anyone', '-', '##s', 'chapter', 'also', '##ins', 'out', '[PAD]', '[PAD]', '[PAD]', '[PAD]', '[PAD]', '[PAD]', '[PAD]', '[PAD]', '[PAD]', '[PAD]']"
sci,0,2,Normal,5.1174822147004306e-05,4.8746962420409545e-05,"['.', 'stack', 'volta', 'paper', 'copper', 'lemon', 'roof', '##ian', 'juice', '##tric', 'penn', 'wire', ',', 'nail', '##ly', '18th', '##ies', 'zinc', '##nd', 'sp', 'zinc', '##ly', 'sell', 'zinc', 'copper']"
sci,0,3,Normal,4.851058474741876e-05,4.9401409341953695e-05,"['are', 'email', '38', 'resume', 'ready', 'nasa', 'etc', 'last', 'contact', ',', 'be', 'limited', 'date', 'and', '/', 'if', 'that', 'typically', '##s', 'us', '##cr', '(', 'large', 'other', '14']"
sci,0,4,Normal,5.878233423572965e-05,5.588855856331065e-05,"['of', 'statement', '[PAD]', '[PAD]', '[PAD]', '[PAD]', '[PAD]', '[PAD]', '[PAD]', '[PAD]', '[PAD]', '[PAD]', '[PAD]', '[PAD]', '[PAD]', '[PAD]', '[PAD]', '[PAD]', '[PAD]', '[PAD]', '[PAD]', '[PAD]', '[PAD]', '[PAD]', '[PAD]']"
sci,0,791,Anomaly,5.1619419537018985e-05,4.81683891848661e-05,"['ana', 'generations', 'future', 'process', 'personally', 'stability', 'process', 'process', 'not', ']', 'needed', 'peace', 'article', 'negotiations', 'if', '[', 'it', 'enough', 'is', '[', 'that', 'needed', ']', 'peace', '""']"
sci,0,792,Anomaly,4.84107258671429e-05,4.4471671571955085e-05,"['because', 'dealer', 'market', '2000', 'below', 'price', 'market', 'dealer', 'profit', 'dealer', 'if', '1000', 'already', '2', '12', 'profit', '$', 'deals', '$', 'cars', '$', 'if', '$', '1000', 'profit']"
sci,0,793,Anomaly,4.589101081364788e-05,4.618951788870618e-05,"['keith', 'info', 'shipping', '+', 'email', 'regards', '$', '275', 't', ',', '-', 'probe', '.', 'fine', 'don', 'not', '[PAD]', '[PAD]', '[PAD]', '[PAD]', '[PAD]', '[PAD]', '[PAD]', '[PAD]', '[PAD]']"
sci,0,794,Anomaly,4.396629810798913e-05,3.858339914586395e-05,"['randy', 'verified', ',', 'not', 'i', 'print', 'to', 'percentage', 'contact', 'verified', 'newspaper', 'previous', 'to', 'so', 'tuesday', 'stats', 'sunday', 'date', 'shots', 'as', 'been', 'appreciate', 'percentage', 'wed', 'listed']"
sci,0,795,Anomaly,5.041429540142417e-05,4.7164587158476934e-05,"['4000', '$', 'comparing', '700', 'essentially', 'magazine', 'read', '4000', '##ry', 'now', 'cam', 'the', 'correctly', 'costs', 'article', 'that', 'remember', 'at', '##ry', 'cam', 'initial', 'cost', '##0', 'same', '$']"
sci,1,0,Normal,0.00032387167448177934,0.0002930421906057745,"['.', '.', '.', 'not', '.', 'does', '.', ""'"", 'it', 'give', 'kind', 'of', '?', '.', ""'"", 'inter', 'was', 'how', 't', 'say', 'very', 'company', 'cy', ',', ',']"
sci,1,1,Normal,0.00025931443087756634,0.00026796406018547714,"['.', 'i', '.', 'anybody', '.', ""'"", 'if', 'hand', 'out', ',', 'i', 'also', 'll', 'wants', '[CLS]', ',', 't', 'know', 're', 'wants', '##ins', ""'"", 'people', 'place', 'go']"
sci,1,2,Normal,0.0002160069125238806,0.00017099616525229067,"['.', '.', ')', 'alternative', '.', '(', 'used', '(', ')', 'is', '##ly', '(', '>', ')', ',', '(', ')', '(', 'be', '##vani', 'his', 'if', 'active', 'prevent', '##zed']"
sci,1,3,Normal,0.0002769622951745987,0.00022013629495631903,"['.', '.', 'if', '.', 'etc', 'consider', 'g', ',', 'computers', ',', 'e', ',', 'nasa', ',', ':', 'are', 'have', ',', 'answer', ',', 'where', '.', 'means', '.', 'addresses']"
sci,1,4,Normal,0.00039330899016931653,0.0001401226909365505,"['.', '[SEP]', '(', 'is', 'statement', 'just', ',', 'personal', 'meant', '?', 'your', 'is', 'be', '##go', 'life', '[CLS]', 'logical', 'have', ',', ')', 'need', 'if', 'your', 'privacy', 'sufficiently']"
sci,1,791,Anomaly,0.00024197169113904238,9.569090616423637e-05,"['.', '.', '?', 'why', 'more', 'ask', 'so', 'will', 'my', 'thought', '!', 'but', '-', 'was', 'i', 'ordering', 'and', '-', '-', 'ones', '-', '-', '-', '-', '-']"
sci,1,792,Anomaly,0.0002694029826670885,0.00026211398653686047,"['.', '.', '.', '.', ';', 'because', 'villages', 'troops', '?', '?', 'village', '.', ',', 'so', '[CLS]', 'they', 'village', '##tion', 'of', 'enjoying', 'surrounded', 'not', '""', 'then', 'it']"
sci,1,793,Anomaly,0.00023834133753553033,0.00020483910338953137,"['.', 'rather', 'wonder', 'thinking', 'un', '.', 'theory', '.', 'possible', '.', 'sort', 'than', 'was', 'eve', '~', 'there', 'once', 'many', '>', '##ied', ',', '>', 'i', 'suggestion', 'just']"
sci,1,794,Anomaly,0.0002496696833986789,0.00011836150952149183,"['.', '.', '-', '-', 'do', '?', 'possible', '-', 'you', 'computers', 'my', '-', '##less', 'like', 'help', 'help', 'project', '?', 'relatively', 'but', 'are', '?', 'could', 'clue', 'if']"
sci,1,795,Anomaly,0.00028142821975052357,0.00026836723554879427,"['.', 'my', 'i', ',', ',', 'seems', 'have', ',', ',', 'to', '[CLS]', '(', ',', 'could', 'very', 'work', '15', 'and', 'frame', 's', '##vie', 'va', ')', '38', 'orchid']"
sci,2,0,Normal,0.0002841473033186048,0.000222049216972664,"['[SEP]', ""'"", '.', 't', 'couldn', ""'"", '.', 't', 'talk', 'would', 'it', 'a', 'don', 'i', 'fool', 'anyone', 'multi', 'inter', 'how', 'expect', 'just', 'a', '##link', '##ate', '?']"
sci,2,1,Normal,0.00030537875136360526,0.0002795176988001913,"['.', '[SEP]', ""'"", 'll', 'i', 'also', 'didn', 'i', 'the', ""'"", 'it', 't', 'mark', '##rea', '.', 'first', 'know', 'talking', 'hand', 'email', 'u', ')', 'no', 'log', '(']"
sci,2,2,Normal,0.0003142423229292035,0.00030729846912436187,"['[SEP]', '.', ')', 'paper', 'disk', '.', 'in', ',', '.', 'copper', '(', '(', 'seattle', 'sell', 'alternative', 'the', '(', 'strip', 'an', 'in', 'zinc', 'a', 'would', 'use', '##nd']"
sci,2,3,Normal,0.0002805077820084989,0.00027826192672364414,"['.', 'etc', '.', '.', 'g', 'e', 'consider', 'the', ',', 'where', 'archive', '.', 'the', 'space', '.', '.', ')', ',', 'last', '-', ':', 'center', 'by', 'addresses', ':']"
sci,2,4,Normal,0.0002845643903128803,0.00022120137873571366,"['[SEP]', '.', '?', ',', '(', 'no', 'er', 'meant', '[PAD]', '[PAD]', '[PAD]', '[PAD]', '[PAD]', '[PAD]', '[PAD]', '[PAD]', '[PAD]', '[PAD]', '[PAD]', '[PAD]', '[PAD]', '[PAD]', '[PAD]', '[PAD]', '[PAD]']"
sci,2,791,Anomaly,0.00028109276900067925,0.0002636259305290878,"['[SEP]', ""'"", 't', 'i', 'wasn', 'entering', 'since', 'pen', 'the', 'realize', 'the', 'was', ""'"", 'question', 'late', '[PAD]', '[PAD]', '[PAD]', '[PAD]', '[PAD]', '[PAD]', '[PAD]', '[PAD]', '[PAD]', '[PAD]']"
sci,2,792,Anomaly,0.0003272557514719665,0.00026411074213683605,"['[SEP]', '.', 'what', '.', 'size', 'i', 'but', 'would', '.', 'hi', ""'"", ""'"", 'won', ""'"", ""'"", 'm', ""'"", 't', 'interested', '.', 'don', 'what', 'hard', '##group', 'm']"
sci,2,793,Anomaly,0.0002723430225159973,0.00025118523626588285,"['.', ',', '.', '[SEP]', 'you', 'oh', 'it', 'a', '.', ',', 'huh', 'was', 'the', 'it', 'that', 'both', 'is', 'mean', '.', '.', 'state', 'someone', 'the', 'of', 'a']"
sci,2,794,Anomaly,0.0002878716622944921,0.00018981426546815783,"['[SEP]', '.', '[CLS]', 'yeah', 'here', '[PAD]', '[PAD]', '[PAD]', '[PAD]', '[PAD]', '[PAD]', '[PAD]', '[PAD]', '[PAD]', '[PAD]', '[PAD]', '[PAD]', '[PAD]', '[PAD]', '[PAD]', '[PAD]', '[PAD]', '[PAD]', '[PAD]', '[PAD]']"
sci,2,795,Anomaly,0.0003522950573824346,0.0002864606212824583,"['.', ',', '[SEP]', '.', '.', 'are', ':', '##x', '^', '-', 'the', '^', '^', 'assume', 'whatever', 'jd', '^', 'survey', '^', '^', '^', 'su', '^', 'an', '^']"
sci,3,0,Normal,0.00013720340211875737,0.00013827517977915704,"['##ps', '.', '.', 'indicators', 'phone', '.', '##per', 'sure', 'start', 'kind', 'phones', 'wire', 'clip', 'link', 'use', 'build', 'multi', 'would', '##to', 'two', '##oper', 't', 'expect', 'economy', 'encryption']"
sci,3,1,Normal,0.0001496104378020391,0.00015613704454153776,"['.', 're', 'in', '.', 'sci', '##s', 'go', 'boston', 'who', ',', 'email', 'making', '##rea', 'know', 'chapter', 'honest', '##ins', 'especially', 'ns', 'hand', '-', ')', ')', '##sh', '[PAD]']"
sci,3,2,Normal,0.00015097323921509087,0.00023658518330194056,"['[SEP]', 'volta', '.', 'sp', ',', '.', 'ing', ')', 'nail', 'zinc', 'you', 'gal', '##tric', 'hardware', ',', 'would', 'coated', '##vani', 'use', 'lemon', '##rou', '=', 'juice', 'batteries', 'ci']"
sci,3,3,Normal,0.0001504449755884707,0.00027206767117604613,"['[SEP]', 'where', ',', 'be', 'jan', '##cr', '##s', 'data', 'have', 'means', 'or', ')', 'pr', 'computers', 'basic', 'bureau', 'answer', '04', 'modified', '##ing', 'contact', 'ready', 'requests', 'you', 'especially']"
sci,3,4,Normal,0.00012013838568236679,0.00012140704347984865,"[')', ',', ',', 'statement', '[CLS]', 'to', '[PAD]', '[PAD]', '[PAD]', '[PAD]', '[PAD]', '[PAD]', '[PAD]', '[PAD]', '[PAD]', '[PAD]', '[PAD]', '[PAD]', '[PAD]', '[PAD]', '[PAD]', '[PAD]', '[PAD]', '[PAD]', '[PAD]']"
sci,3,791,Anomaly,0.00012006681936327368,0.00013936686445958912,"['qui', '?', 'have', '##iii', 'machines', 'lc', 'new', '[CLS]', '##rk', '[PAD]', '[PAD]', '[PAD]', '[PAD]', '[PAD]', '[PAD]', '[PAD]', '[PAD]', '[PAD]', '[PAD]', '[PAD]', '[PAD]', '[PAD]', '[PAD]', '[PAD]', '[PAD]']"
sci,3,792,Anomaly,0.0001494283351348713,0.00025678134988993406,"['[SEP]', 'the', 'toronto', 'sake', 'di', 'expected', 'game', 'pace', 'freely', 'realized', 'di', '##cta', 'like', 'game', 'red', '##ting', 'good', 'second', 'for', 'very', 'maple', 'game', 'usual', 'tel', 'beginning']"
sci,3,793,Anomaly,0.00014197840937413275,0.0002234193671029061,"['[SEP]', 'weakening', 'inhibition', 'my', 'free', 'done', 'than', 'ethics', 'no', 'no', 'ones', 'yell', 'need', 'mom', 'mention', ')', 'gunn', 'wake', 'fantasies', 'laws', 'no', 'tell', 'done', 'never', '##ing']"
sci,3,794,Anomaly,0.00013177933578845114,0.0002553218510001898,"['[SEP]', 'seems', ',', 'it', 'l', 'au', '##d', 'fu', 'never', 'win', 'the', 't', 't', 't', 'wasn', 'at', 'ye', 'look', '0', 'lose', 'come', 'buffalo', 'falling', '.', '##h']"
sci,3,795,Anomaly,0.00013669198960997164,0.00014564581215381622,"['?', 'it', 'that', 'my', 'point', 'is', 'objections', 'isn', 'w', 'president', 'power', 'no', '##ism', 'boot', 'voice', '##eman', 'rev', '##tal', 'declared', '##ed', '##ere', 'un', 't', 'tribal', 'well']"
sci,4,0,Normal,0.00017872358148451895,0.0001633803767617792,"['a', 'inter', 'capitalist', 'it', 'multi', '.', 'very', 'come', 'wire', 'allowing', '##ate', 'this', 'front', 'sure', '##oper', '.', 'does', '""', '##ing', 'this', 'say', 'build', '[PAD]', '[PAD]', '[PAD]']"
sci,4,1,Normal,0.00019092127331532538,0.00019629843882285058,"['boston', 'think', 'boston', 'mal', 'the', 'honest', 'space', 'the', 'who', 're', 'sci', 'go', 'attend', 'the', ""'"", 'weird', 'i', 'u', 'people', '.', 'making', 'feed', '[PAD]', '[PAD]', '[PAD]']"
sci,4,2,Normal,0.00023426620464306325,0.00022157585772220045,"[')', ')', 'the', ')', 'electro', 'making', '.', 'ci', 'stores', 'roof', 'copper', 'here', 'gal', 'nail', 'active', 'acid', 'this', '(', 'copper', 'mostly', 'prevent', ')', 'i', 'late', '##zed']"
sci,4,3,Normal,0.00017925679276231676,0.00018443382577970624,"['the', 'g', '.', 'archive', 'date', '.', 'international', 'companies', 'summer', 'last', '-', 'information', 'any', 'where', 'requests', 'employment', '$', '01', ':', 'general', 'resume', 'large', 'limited', '##acies', '/']"
sci,4,4,Normal,0.0001697821426205337,0.00027879947447218,"['[CLS]', 'the', 'privacy', 'life', 'personal', '##go', 'to', '[PAD]', '[PAD]', '[PAD]', '[PAD]', '[PAD]', '[PAD]', '[PAD]', '[PAD]', '[PAD]', '[PAD]', '[PAD]', '[PAD]', '[PAD]', '[PAD]', '[PAD]', '[PAD]', '[PAD]', '[PAD]']"
sci,4,791,Anomaly,0.00016638236411381513,0.0001605092256795615,"[')', 'small', '.', 'i', 'the', 'the', 'automatic', 'the', 'lived', '_', 'question', 'torque', 'always', 'on', 'fun', 'the', 'compared', 'us', 'the', 'cylinder', 'real', 'the', 'automatic', 'also', 'engine']"
sci,4,792,Anomaly,0.00034896377474069595,0.0004851011326536536,"['400', '$', '[CLS]', '[PAD]', '[PAD]', '[PAD]', '[PAD]', '[PAD]', '[PAD]', '[PAD]', '[PAD]', '[PAD]', '[PAD]', '[PAD]', '[PAD]', '[PAD]', '[PAD]', '[PAD]', '[PAD]', '[PAD]', '[PAD]', '[PAD]', '[PAD]', '[PAD]', '[PAD]']"
sci,4,793,Anomaly,8.401907689403743e-05,8.401907689403743e-05,"['[PAD]', '[PAD]', '[PAD]', '[PAD]', '[PAD]', '[PAD]', '[PAD]', '[PAD]', '[PAD]', '[PAD]', '[PAD]', '[PAD]', '[PAD]', '[PAD]', '[PAD]', '[PAD]', '[PAD]', '[PAD]', '[PAD]', '[PAD]', '[PAD]', '[PAD]', '[PAD]', '[PAD]', '[PAD]']"
sci,4,794,Anomaly,0.0002605271292850375,0.0002864376874640584,"['the', ')', 'mega', ')', 'ninja', 'magical', 'mickey', 'have', 'instructions', '##c', 'world', 'mystical', 'soccer', 'fun', '.', '##s', 'under', 'super', 'house', 'grand', 'genesis', 'other', 'i', 'all', 'stated']"
sci,4,795,Anomaly,0.00019063754007220268,0.00014906597789376974,"['of', '##space', 'there', 'course', 'vo', 'in', 'there', '##s', 'he', '[PAD]', '[PAD]', '[PAD]', '[PAD]', '[PAD]', '[PAD]', '[PAD]', '[PAD]', '[PAD]', '[PAD]', '[PAD]', '[PAD]', '[PAD]', '[PAD]', '[PAD]', '[PAD]']"
soc,0,0,Normal,0.0003822680446319282,0.0004996823845431209,"['[CLS]', '-', 'lois', 'difference', 'jen', 'believers', ""'"", 'servant', 'the', 'rome', 'to', 'wrote', '-', ',', '*', ',', '*', 'be', 'note', 'christ', 'gay', 'to', 'christian', ',', 'change']"
soc,0,1,Normal,0.0003919937298633158,0.0005910348845645785,"['received', 'story', 'a', 'honoured', '.', 'famous', 'youth', '.', 'patron', 'family', '##ge', '.', 'honoured', 'brave', 'imagined', 'soldier', '##nza', 'prince', 'famous', '[CLS]', 'editor', 'of', 'gonzaga', 'all', 'permission']"
soc,0,2,Normal,0.0006057765567675233,0.0007630788022652268,"['[CLS]', ""'"", '##iste', 'inc', 't', '##ute', 'broken', 'di', 'upset', 'm', ""'"", 'frequently', 's', 'd', ""'"", 'pascal', 'con', '##lusion', '.', 'makes', 'm', 'i', '##it', ""'"", '[PAD]']"
soc,0,3,Normal,0.0004271634970791638,0.0006387757603079081,"['ed', 'subscription', '[CLS]', 'mail', 'please', '-', 'thanks', 'mail', 'update', 'time', 'original', 'put', 'caps', 'changes', 'ahead', 'address', '[PAD]', '[PAD]', '[PAD]', '[PAD]', '[PAD]', '[PAD]', '[PAD]', '[PAD]', '[PAD]']"
soc,0,4,Normal,0.001017613336443901,0.0012624566443264484,"['[CLS]', '[PAD]', '[PAD]', '[PAD]', '[PAD]', '[PAD]', '[PAD]', '[PAD]', '[PAD]', '[PAD]', '[PAD]', '[PAD]', '[PAD]', '[PAD]', '[PAD]', '[PAD]', '[PAD]', '[PAD]', '[PAD]', '[PAD]', '[PAD]', '[PAD]', '[PAD]', '[PAD]', '[PAD]']"
soc,0,200,Anomaly,0.0004060825449414551,0.0005497809033840895,"['[CLS]', 'shea', 'vs', 'giants', 'pitch', 'the', 'denver', 'game', 'all', 'pitch', 'on', 'the', 'developed', 'expected', 'cold', 'is', '[PAD]', '[PAD]', '[PAD]', '[PAD]', '[PAD]', '[PAD]', '[PAD]', '[PAD]', '[PAD]']"
soc,0,201,Anomaly,0.00040945381624624133,0.0005361932562664151,"['which', '.', '##q', 'base', 'memory', '##nic', 'jumper', 'addresses', 'u', '##d', 'addresses', 'interrupt', 'memory', 'ibm', 'settings', 'the', 'shared', 'you', 'correspond', 't', 'use', '-', 'settings', '##eme', 'gr']"
soc,0,202,Anomaly,0.0005494719371199608,0.0006669683498330414,"['.', '##sible', 'radical', 'radical', 'argue', 'process', 'political', 'police', 'opposed', 'rep', 'political', '##hen', 'peace', 'control', 'accept', 'reality', 'order', 'deal', 'established', 'people', '##re', 'reinforce', 'exercise', 'force', 'leadership']"
soc,0,203,Anomaly,0.00047598592936992645,0.000676080584526062,"['li', 'tx', 'for', 'em', 'different', '[CLS]', 'list', 'index', 'oakland', 'oak', 'file', 'ed', 'a', 'pub', '##16', '[PAD]', '[PAD]', '[PAD]', '[PAD]', '[PAD]', '[PAD]', '[PAD]', '[PAD]', '[PAD]', '[PAD]']"
soc,0,204,Anomaly,0.00042107183253392577,0.00048350170254707336,"['cr', 'battery', ')', 'wire', '-', '-', 'hands', 'the', 'fortunately', '.', 'is', 'wiring', 'transmission', 'wiring', '(', '##ac', 'you', 'problem', 'cr', 'computers', ',', 'im', 'handle', 'wire', 'cap']"
soc,1,0,Normal,0.0004916830221191049,0.0005196702550165355,"['as', 'to', ""'"", 'and', ',', ',', 'can', 'believers', ',', 'them', 'gay', 's', 'with', '[PAD]', '[PAD]', '[PAD]', '[PAD]', '[PAD]', '[PAD]', '[PAD]', '[PAD]', '[PAD]', '[PAD]', '[PAD]', '[PAD]']"
soc,1,1,Normal,0.0004410695401020348,0.0006047796923667192,"['received', 'story', 'gonzaga', '##s', 'saint', ',', 'that', ',', 'had', 'people', ',', 'of', 'was', 'for', 'gonzaga', 'on', 'he', 'all', 'though', 'ever', 'soldier', 'he', 'the', 'star', 'from']"
soc,1,2,Normal,0.0004482730582822114,0.0004590434255078435,"[""'"", 'support', 'inc', '[PAD]', '[PAD]', '[PAD]', '[PAD]', '[PAD]', '[PAD]', '[PAD]', '[PAD]', '[PAD]', '[PAD]', '[PAD]', '[PAD]', '[PAD]', '[PAD]', '[PAD]', '[PAD]', '[PAD]', '[PAD]', '[PAD]', '[PAD]', '[PAD]', '[PAD]']"
soc,1,3,Normal,0.0004671781789511442,0.0006254122126847506,"['[CLS]', ')', 'ahead', 'to', '-', 'to', 'ed', '[PAD]', '[PAD]', '[PAD]', '[PAD]', '[PAD]', '[PAD]', '[PAD]', '[PAD]', '[PAD]', '[PAD]', '[PAD]', '[PAD]', '[PAD]', '[PAD]', '[PAD]', '[PAD]', '[PAD]', '[PAD]']"
soc,1,4,Normal,0.0008940012194216251,0.0015893789241090417,"['[CLS]', '[PAD]', '[PAD]', '[PAD]', '[PAD]', '[PAD]', '[PAD]', '[PAD]', '[PAD]', '[PAD]', '[PAD]', '[PAD]', '[PAD]', '[PAD]', '[PAD]', '[PAD]', '[PAD]', '[PAD]', '[PAD]', '[PAD]', '[PAD]', '[PAD]', '[PAD]', '[PAD]', '[PAD]']"
soc,1,200,Anomaly,0.0005096374079585075,0.0007133353501558304,"['others', 'all', 'have', 'and', 'that', '/', 'debating', 'of', 'cooking', 'would', 'wearing', 'would', 'inside', 'into', 'been', 'that', 'with', 'that', 'for', 'with', 'res', 'in', 'texas', 'rob', 'into']"
soc,1,201,Anomaly,0.0005903581040911376,0.0007335792761296034,"['to', 'answered', 'have', 'here', 'people', 'not', 'most', ',', 'than', 'programs', ')', 'engage', ',', 'was', 'to', 'to', 'but', 'to', 'have', 'rather', '##s', 'detect', '-', 'since', 'in']"
soc,1,202,Anomaly,0.00040411812369711697,0.0006347257876768708,"['_', 'not', 'am', 'sure', 'supposed', 'i', 'mail', 'that', 'at', 'would', 'i', '##her', 'time', '_', 'news', 'to', ',', '_', 'some', 'which', 'to', 'people', 'during', 'am', 'me']"
soc,1,203,Anomaly,0.0005757989711128175,0.0007954977918416262,"['because', 'exceptions', 'news', 'ind', ',', ',', 'are', 'stations', 'they', ""'"", ',', 'of', ',', '##pet', 'they', 'and', '##es', 'of', 'bridges', ',', 'in', ',', ',', 'and', '2']"
soc,1,204,Anomaly,0.0004334570840001106,0.0005850856541655958,"['have', 'who', ',', 'i', '##tly', 'to', '##bing', 'and', 'this', 'interested', 'to', 'to', 'and', 'be', ""'"", 'on', 'we', 'very', 'to', 'friend', 'someone', 'to', '.', 'd', 'is']"
soc,2,0,Normal,0.0012619734043255448,0.001163478591479361,"['?', ',', '-', ""'"", 'lois', 's', 'who', 'gay', ',', '-', '*', 'servant', '*', 'to', 'to', '*', 'rome', 'paul', 'as', 'are', '*', 'wrote', '*', 'to', 'here']"
soc,2,1,Normal,0.0015429211780428886,0.0012798457173630595,"['.', '.', 'a', 'received', '.', 'was', 'was', 'he', 'saint', '##ius', 'he', 'course', 'patron', 'after', '##ius', 'expected', 'he', 'become', 'manner', 'imagined', 'become', 'name', 'editor', ';', 'famous']"
soc,2,2,Normal,0.0015511836390942335,0.0013503131922334433,"['.', ""'"", '.', '.', ""'"", '.', ""'"", '##ment', 's', 'broken', 'is', 't', 'constitutes', 'm', 'it', 'certainly', '##ute', '##r', 'point', '-', 'di', '##ons', 'upset', '##it', ""'""]"
soc,2,3,Normal,0.001364281983114779,0.0012055470142513514,"['.', 'anyone', 'ed', 'subscription', '?', 'i', 'time', 'caps', 'of', '!', '.', 'what', 'etc', 'address', 'address', 'to', '-', 'to', 'in', '[PAD]', '[PAD]', '[PAD]', '[PAD]', '[PAD]', '[PAD]']"
soc,2,4,Normal,0.002065914450213313,0.002065914450213313,"['[PAD]', '[PAD]', '[PAD]', '[PAD]', '[PAD]', '[PAD]', '[PAD]', '[PAD]', '[PAD]', '[PAD]', '[PAD]', '[PAD]', '[PAD]', '[PAD]', '[PAD]', '[PAD]', '[PAD]', '[PAD]', '[PAD]', '[PAD]', '[PAD]', '[PAD]', '[PAD]', '[PAD]', '[PAD]']"
soc,2,200,Anomaly,0.0017500701360404491,0.001641683280467987,"['.', '##ce', ""'"", ""'"", 'letterman', '##v', 'dave', 'm', 'hooked', 'alt', '.', 'to', '.', '.', '.', 'on', 'soon', 'po', '!', '.', 'is', '!', 'i', '##tra', 'on']"
soc,2,201,Anomaly,0.0012927656061947346,0.001346398377791047,"['(', 'incorrect', 'year', ')', '##ly', 'logical', '##ly', 'correct', 'logical', '[PAD]', '[PAD]', '[PAD]', '[PAD]', '[PAD]', '[PAD]', '[PAD]', '[PAD]', '[PAD]', '[PAD]', '[PAD]', '[PAD]', '[PAD]', '[PAD]', '[PAD]', '[PAD]']"
soc,2,202,Anomaly,0.0016258587129414082,0.0014172643423080444,"['.', '.', '.', 'sm', '.', 'overtime', 'in', ""'"", '.', '##bs', '.', '.', '.', '0', 'ha', '.', 'bout', '.', '.', 's', '-', '.', 'they', 'he', 'going']"
soc,2,203,Anomaly,0.0013737296685576439,0.001343532232567668,"['me', 'israel', 't', 'of', '.', 'lebanon', '-', 'american', 'egypt', 'syria', 's', ""'"", ',', 'occupied', 'rest', '[PAD]', '[PAD]', '[PAD]', '[PAD]', '[PAD]', '[PAD]', '[PAD]', '[PAD]', '[PAD]', '[PAD]']"
soc,2,204,Anomaly,0.0014536716043949127,0.0013235859805718064,"['.', 'advance', 'monitor', 'video', '-', '(', 'page', 'wisdom', 'which', ')', 'vendor', ')', '-', '##able', 'is', 'thanks', 'color', 'b', '-', '/', 'scale', 'net', 'prefer', 'card', 'monitor']"
soc,3,0,Normal,0.000996165443211794,0.0009268126450479031,"['lois', 'to', '-', '[CLS]', 'jen', ',', ""'"", 'as', 'a', 'rome', 'believers', 'them', ',', ',', 's', 'need', '*', ',', 'who', '-', 'are', ',', 'a', 'christian', 'gay']"
soc,3,1,Normal,0.0009234719909727573,0.0009198477491736412,"['[CLS]', 'gonzaga', 'a', 'a', 'the', 'the', ',', '.', 'the', 'the', 'a', '##oys', ',', '.', 'the', 'ever', 'a', 'got', 'saint', 'was', 'the', 'to', 'al', 'saint', 'soldier']"
soc,3,2,Normal,0.0008749695844016969,0.0009221148211508989,"['[CLS]', '##lusion', '##sil', 'this', '##ons', '.', '##ment', 'me', 'i', 'some', 'not', 'frequently', '##s', 'broken', ',', ""'"", 'pascal', '.', 'not', 'con', 'support', '[PAD]', '[PAD]', '[PAD]', '[PAD]']"
soc,3,3,Normal,0.0007490747375413775,0.0007631902117282152,"['ed', 'the', 'caps', 'time', '-', ',', '!', 'mail', 'also', 'thanks', 'update', '[PAD]', '[PAD]', '[PAD]', '[PAD]', '[PAD]', '[PAD]', '[PAD]', '[PAD]', '[PAD]', '[PAD]', '[PAD]', '[PAD]', '[PAD]', '[PAD]']"
soc,3,4,Normal,0.0015564120840281248,0.0015564120840281248,"['[PAD]', '[PAD]', '[PAD]', '[PAD]', '[PAD]', '[PAD]', '[PAD]', '[PAD]', '[PAD]', '[PAD]', '[PAD]', '[PAD]', '[PAD]', '[PAD]', '[PAD]', '[PAD]', '[PAD]', '[PAD]', '[PAD]', '[PAD]', '[PAD]', '[PAD]', '[PAD]', '[PAD]', '[PAD]']"
soc,3,200,Anomaly,0.0008491246262565255,0.0009357785456813872,"['[CLS]', 'people', 'the', 'a', ',', 'lateral', ',', 'this', 'the', 'not', ',', '##ity', 'or', 'syndrome', 'lot', ',', 's', 'about', 'one', 'that', ',', 'a', 'rotation', '##ly', 'organs']"
soc,3,201,Anomaly,0.000865007983520627,0.0007801669416949153,"['[CLS]', 'the', 'is', 'the', ',', ',', 'the', 'them', 'interested', ',', 'and', '.', 'many', 'are', 'somewhat', '.', 'daily', 'in', 'a', 'issues', 'ones', 'important', 'tee', 'least', 'on']"
soc,3,202,Anomaly,0.0008247640216723084,0.0008803744567558169,"['switch', '1', 'this', 'died', 'i', 'old', 'place', 'mac', 'my', 'is', 'easy', 'tragedy', 'a', 'that', ',', '##s', '[PAD]', '[PAD]', '[PAD]', '[PAD]', '[PAD]', '[PAD]', '[PAD]', '[PAD]', '[PAD]']"
soc,3,203,Anomaly,0.0009369249455630779,0.0009142553899437189,"['experience', '.', 'thanks', 'familiar', 'capabilities', '[PAD]', '[PAD]', '[PAD]', '[PAD]', '[PAD]', '[PAD]', '[PAD]', '[PAD]', '[PAD]', '[PAD]', '[PAD]', '[PAD]', '[PAD]', '[PAD]', '[PAD]', '[PAD]', '[PAD]', '[PAD]', '[PAD]', '[PAD]']"
soc,3,204,Anomaly,0.0008546416647732258,0.0009102210169658065,"['kent', '[CLS]', 'is', 'laws', 'this', 'islamic', 'cheers', 'shades', '-', 'usa', ',', 'the', ',', '1984', 'one', 'us', 'world', ',', 'my', 'you', '-', 'eh', ',', 'scared', 'curse']"
soc,4,0,Normal,0.0004465919337235391,0.0004798614827450365,"['lois', ',', 's', 'jen', ',', 'gay', 'believers', 'servant', '-', '-', ""'"", ',', ',', '##s', 'gay', ',', 'paul', 'said', '*', '?', '[PAD]', '[PAD]', '[PAD]', '[PAD]', '[PAD]']"
soc,4,1,Normal,0.0004968114662915468,0.0005557116237469018,"['story', ',', '##s', 'a', 'received', 'al', 'honoured', 'saint', 'star', ',', '.', ""'"", 'brave', 'though', 'soldier', '##oys', 'carry', 'of', 'gonzaga', 'was', '##ius', 'saint', '.', ',', 'editor']"
soc,4,2,Normal,0.0006051274249330163,0.0005541194695979357,"['.', 'd', ""'"", 'religions', '##ment', 's', '##s', 'not', '.', ',', '##ncies', 's', ""'"", 'ness', 'con', 'not', 'certainly', '##ons', 'm', '[PAD]', '[PAD]', '[PAD]', '[PAD]', '[PAD]', '[PAD]']"
soc,4,3,Normal,0.00047016519238241017,0.0004814742715097964,"['ed', '-', 'thanks', 'subscription', 'update', 'time', '!', 'original', 'address', '[PAD]', '[PAD]', '[PAD]', '[PAD]', '[PAD]', '[PAD]', '[PAD]', '[PAD]', '[PAD]', '[PAD]', '[PAD]', '[PAD]', '[PAD]', '[PAD]', '[PAD]', '[PAD]']"
soc,4,4,Normal,0.0005410028388723731,0.0005410028388723731,"['[PAD]', '[PAD]', '[PAD]', '[PAD]', '[PAD]', '[PAD]', '[PAD]', '[PAD]', '[PAD]', '[PAD]', '[PAD]', '[PAD]', '[PAD]', '[PAD]', '[PAD]', '[PAD]', '[PAD]', '[PAD]', '[PAD]', '[PAD]', '[PAD]', '[PAD]', '[PAD]', '[PAD]', '[PAD]']"
soc,4,200,Anomaly,0.00032954566995613277,0.0003892123349942267,"[',', 'rotation', 're', 'carries', '.', 'each', 'assuming', ',', 'pluto', 'char', 'poles', '.', 'normal', ""'"", 's', 'e', '##quin', ',', 'light', 'sun', 'on', '.', 'without', 'both', ""'""]"
soc,4,201,Anomaly,0.0005998039268888533,0.0006014564423821867,"['thanks', '##pad', 'could', 's', 'tell', 's', '##dge', '[PAD]', '[PAD]', '[PAD]', '[PAD]', '[PAD]', '[PAD]', '[PAD]', '[PAD]', '[PAD]', '[PAD]', '[PAD]', '[PAD]', '[PAD]', '[PAD]', '[PAD]', '[PAD]', '[PAD]', '[PAD]']"
soc,4,202,Anomaly,0.00038796698208898306,0.00045204252819530666,"['thanks', 'an', 'world', 'monitor', 'windows', 'excuse', 'answer', ')', 'card', 'ms', '##6', 'i', 'window', 'fairly', '.', 'window', 'have', '[PAD]', '[PAD]', '[PAD]', '[PAD]', '[PAD]', '[PAD]', '[PAD]', '[PAD]']"
soc,4,203,Anomaly,0.00047334987903013825,0.00047290045768022537,"['##s', '[PAD]', '[PAD]', '[PAD]', '[PAD]', '[PAD]', '[PAD]', '[PAD]', '[PAD]', '[PAD]', '[PAD]', '[PAD]', '[PAD]', '[PAD]', '[PAD]', '[PAD]', '[PAD]', '[PAD]', '[PAD]', '[PAD]', '[PAD]', '[PAD]', '[PAD]', '[PAD]', '[PAD]']"
soc,4,204,Anomaly,0.0007900280761532485,0.000780549889896065,"['jews', '!', 'vi', 'produce', 'jew', 'such', '-', '[PAD]', '[PAD]', '[PAD]', '[PAD]', '[PAD]', '[PAD]', '[PAD]', '[PAD]', '[PAD]', '[PAD]', '[PAD]', '[PAD]', '[PAD]', '[PAD]', '[PAD]', '[PAD]', '[PAD]', '[PAD]']"
talk,0,0,Normal,0.0004064092645421624,0.0004064092645421624,"['[PAD]', '[PAD]', '[PAD]', '[PAD]', '[PAD]', '[PAD]', '[PAD]', '[PAD]', '[PAD]', '[PAD]', '[PAD]', '[PAD]', '[PAD]', '[PAD]', '[PAD]', '[PAD]', '[PAD]', '[PAD]', '[PAD]', '[PAD]', '[PAD]', '[PAD]', '[PAD]', '[PAD]', '[PAD]']"
talk,0,1,Normal,0.0009563594358041883,0.0009281155071221292,"['um', 'kent', '*', '?', '*', 'with', '[PAD]', '[PAD]', '[PAD]', '[PAD]', '[PAD]', '[PAD]', '[PAD]', '[PAD]', '[PAD]', '[PAD]', '[PAD]', '[PAD]', '[PAD]', '[PAD]', '[PAD]', '[PAD]', '[PAD]', '[PAD]', '[PAD]']"
talk,0,2,Normal,0.0011375182075425982,0.0009698408539406955,"['i', 'say', 'want', '##am', 'no', 'to', 'only', 'with', 'hope', '[PAD]', '[PAD]', '[PAD]', '[PAD]', '[PAD]', '[PAD]', '[PAD]', '[PAD]', '[PAD]', '[PAD]', '[PAD]', '[PAD]', '[PAD]', '[PAD]', '[PAD]', '[PAD]']"
talk,0,3,Normal,0.0010612430050969124,0.0009808302856981754,"['i', 'felt', 'israeli', 'there', 'lived', 'israel', 'until', 'nationality', 'israeli', 'israeli', 'i', ',', 'case', 'field', 'this', 'field', 'nationality', 'and', '1992', '.', 'by', ',', 'so', 'think', 'those']"
talk,0,4,Normal,0.001039680209942162,0.0008985669119283557,"['hear', 'smith', 'cathy', 'by', 'politicians', 'dust', '.', 'we', 'posted', 'possibility', 'politicians', 'killed', 'how', 'heard', 'we', 'scientists', 'even', 'for', 'phrase', 'and', 'not', 'might', 'lips', 'and', 'smoke']"
talk,0,651,Anomaly,0.0004064092645421624,0.0004064092645421624,"['[PAD]', '[PAD]', '[PAD]', '[PAD]', '[PAD]', '[PAD]', '[PAD]', '[PAD]', '[PAD]', '[PAD]', '[PAD]', '[PAD]', '[PAD]', '[PAD]', '[PAD]', '[PAD]', '[PAD]', '[PAD]', '[PAD]', '[PAD]', '[PAD]', '[PAD]', '[PAD]', '[PAD]', '[PAD]']"
talk,0,652,Anomaly,0.001035342924296856,0.0009626656537875533,"['i', 'formula', 'is', 'think', 'it', 'there', 'of', 'they', ')', 'exactly', 'sure', 'i', 'i', 'era', 'is', 'im', 'not', 'im', 'sort', 'im', 'uses', 'stab', '[PAD]', '[PAD]', '[PAD]']"
talk,0,653,Anomaly,0.0010729435598477721,0.0013803219189867377,"['[SEP]', 'never', 'reason', 'i', 'for', 'saw', 'issues', 't', 'i', 'i', 'have', '.', ""'"", 'home', 'dr', 'all', 'if', 'you', 'domain', 'could', 'were', 'as', 'them', 'on', 'for']"
talk,0,654,Anomaly,0.0010055422317236662,0.0010690120980143547,"['nt', 'server', '[PAD]', '[PAD]', '[PAD]', '[PAD]', '[PAD]', '[PAD]', '[PAD]', '[PAD]', '[PAD]', '[PAD]', '[PAD]', '[PAD]', '[PAD]', '[PAD]', '[PAD]', '[PAD]', '[PAD]', '[PAD]', '[PAD]', '[PAD]', '[PAD]', '[PAD]', '[PAD]']"
talk,0,655,Anomaly,0.0010135776828974485,0.0009800868574529886,"['d', '.', 'i', 'and', 'hi', 'cut', 'if', 'i', 'are', 'info', 'other', 'media', '[PAD]', '[PAD]', '[PAD]', '[PAD]', '[PAD]', '[PAD]', '[PAD]', '[PAD]', '[PAD]', '[PAD]', '[PAD]', '[PAD]', '[PAD]']"
talk,1,0,Normal,0.0009810299379751086,0.000947054591961205,"['[SEP]', '[CLS]', '[PAD]', '[PAD]', '[PAD]', '[PAD]', '[PAD]', '[PAD]', '[PAD]', '[PAD]', '[PAD]', '[PAD]', '[PAD]', '[PAD]', '[PAD]', '[PAD]', '[PAD]', '[PAD]', '[PAD]', '[PAD]', '[PAD]', '[PAD]', '[PAD]', '[PAD]', '[PAD]']"
talk,1,1,Normal,0.00016836969007272273,0.00016836969007272273,"['[PAD]', '[PAD]', '[PAD]', '[PAD]', '[PAD]', '[PAD]', '[PAD]', '[PAD]', '[PAD]', '[PAD]', '[PAD]', '[PAD]', '[PAD]', '[PAD]', '[PAD]', '[PAD]', '[PAD]', '[PAD]', '[PAD]', '[PAD]', '[PAD]', '[PAD]', '[PAD]', '[PAD]', '[PAD]']"
talk,1,2,Normal,0.0003378411056473851,0.00026752654230222106,"['with', 'all', 'that', 'i', 'hope', 'civilians', 'to', '[PAD]', '[PAD]', '[PAD]', '[PAD]', '[PAD]', '[PAD]', '[PAD]', '[PAD]', '[PAD]', '[PAD]', '[PAD]', '[PAD]', '[PAD]', '[PAD]', '[PAD]', '[PAD]', '[PAD]', '[PAD]']"
talk,1,3,Normal,0.0002548671909607947,0.00022450722462963313,"['felt', '.', '.', '.', '.', ',', 'there', 'departments', '1992', 'until', 'from', 'this', '.', ',', ""'"", ',', 'though', 'so', 'whole', ',', ',', 'by', 'lived', 'onset', 'not']"
talk,1,4,Normal,0.00020921946270391345,0.00020048553415108472,"['hear', 'that', 'the', 'that', 'that', '-', 'how', '-', '.', '.', 'years', 'there', 'worried', 'not', 'what', 'full', 'might', '""', 'how', 'age', 'unpleasant', 'on', '-', 'thrown', 'may']"
talk,1,651,Anomaly,0.0002018025261349976,0.00020481333194766194,"['hard', 'most', 'that', 'available', 'appearance', 'access', '.', 'all', 'but', 'bit', '80', 'derivatives', ',', 'as', ""'"", 'one', 'one', ',', '[PAD]', '[PAD]', '[PAD]', '[PAD]', '[PAD]', '[PAD]', '[PAD]']"
talk,1,652,Anomaly,0.0001906335965031758,0.00018820547848008573,"['it', 'to', 'that', 'nasty', 'anyone', 'ms', 'artificial', 'war', 'years', 'ms', '##fect', '[PAD]', '[PAD]', '[PAD]', '[PAD]', '[PAD]', '[PAD]', '[PAD]', '[PAD]', '[PAD]', '[PAD]', '[PAD]', '[PAD]', '[PAD]', '[PAD]']"
talk,1,653,Anomaly,0.00021831427875440568,0.0002060846018139273,"['.', 'across', 't', ""'"", 'top', '[PAD]', '[PAD]', '[PAD]', '[PAD]', '[PAD]', '[PAD]', '[PAD]', '[PAD]', '[PAD]', '[PAD]', '[PAD]', '[PAD]', '[PAD]', '[PAD]', '[PAD]', '[PAD]', '[PAD]', '[PAD]', '[PAD]', '[PAD]']"
talk,1,654,Anomaly,0.00016940795467235148,0.0001623497810214758,"['##des', ""'"", 'seemed', 'was', 'was', 'it', ',', 'one', 'like', 'it', '[PAD]', '[PAD]', '[PAD]', '[PAD]', '[PAD]', '[PAD]', '[PAD]', '[PAD]', '[PAD]', '[PAD]', '[PAD]', '[PAD]', '[PAD]', '[PAD]', '[PAD]']"
talk,1,655,Anomaly,0.000296169106150046,0.00028766432660631835,"['has', '3', '3', 'pena', '[PAD]', '[PAD]', '[PAD]', '[PAD]', '[PAD]', '[PAD]', '[PAD]', '[PAD]', '[PAD]', '[PAD]', '[PAD]', '[PAD]', '[PAD]', '[PAD]', '[PAD]', '[PAD]', '[PAD]', '[PAD]', '[PAD]', '[PAD]', '[PAD]']"
talk,2,0,Normal,0.00026099890237674117,0.00023186515318229795,"['[CLS]', '[PAD]', '[PAD]', '[PAD]', '[PAD]', '[PAD]', '[PAD]', '[PAD]', '[PAD]', '[PAD]', '[PAD]', '[PAD]', '[PAD]', '[PAD]', '[PAD]', '[PAD]', '[PAD]', '[PAD]', '[PAD]', '[PAD]', '[PAD]', '[PAD]', '[PAD]', '[PAD]', '[PAD]']"
talk,2,1,Normal,0.00020194817625451833,0.00020194817625451833,"['[PAD]', '[PAD]', '[PAD]', '[PAD]', '[PAD]', '[PAD]', '[PAD]', '[PAD]', '[PAD]', '[PAD]', '[PAD]', '[PAD]', '[PAD]', '[PAD]', '[PAD]', '[PAD]', '[PAD]', '[PAD]', '[PAD]', '[PAD]', '[PAD]', '[PAD]', '[PAD]', '[PAD]', '[PAD]']"
talk,2,2,Normal,0.0001908721897052601,0.00019416095165070146,"['all', 'say', 'stop', '[PAD]', '[PAD]', '[PAD]', '[PAD]', '[PAD]', '[PAD]', '[PAD]', '[PAD]', '[PAD]', '[PAD]', '[PAD]', '[PAD]', '[PAD]', '[PAD]', '[PAD]', '[PAD]', '[PAD]', '[PAD]', '[PAD]', '[PAD]', '[PAD]', '[PAD]']"
talk,2,3,Normal,0.00018269126303493977,0.0001884390803752467,"['se', 'general', 'gov', 'g', 'whole', 'this', 'of', 'of', 'have', '.', 'by', 'for', '##vic', 's', 'until', 'felt', 'provided', 'not', 'case', 'onset', '.', ',', '.', 'id', 't']"
talk,2,4,Normal,0.00021215793094597757,0.00022281483688857406,"['later', 'hear', 'more', 'subject', 'be', 'phrase', 'scale', 'new', 'ago', 'coming', 'heard', 'ice', 'might', 'that', 'then', 'age', 'to', 'how', '##ness', 'than', '""', 'full', 'one', '-', 'not']"
talk,2,651,Anomaly,0.00020140150445513427,0.00019860549946315587,"['not', 'not', 'was', 'heading', 'mont', 'few', 'going', 'to', 'far', 'us', 'stop', 'to', 'but', 'grand', 'of', 'it', 'be', 'right', 'beautiful', 'is', 'more', 'off', 'one', '##ice', '##llo']"
talk,2,652,Anomaly,0.00022392155369743705,0.00019718125986400992,"['-', '-', '-', '-', '-', '-', '-', '-', '-', '-', '-', '-', '-', '-', '-', '-', '-', '-', '-', '-', '-', '-', '-', '-', '-']"
talk,2,653,Anomaly,0.00018676453328225762,0.0002041876723524183,"['##gal', 't', 'super', '##go', 'to', '##ogo', '##gal', 'what', 'is', 'since', 'director', 'r', 'this', 'to', 'com', 'know', 'in', 'it', 'l', 'don', 'about', 'logo', 'command', ""'"", 't']"
talk,2,654,Anomaly,0.00027515762485563755,0.0002541158755775541,"['t', 'be', 'would', 'mis', '-', 'think', 's', '-', '-', '-', '-', ""'"", '-', '-', '-', '-', '-', '-', 'exams', '-', '-', '-', '-', '-', '-']"
talk,2,655,Anomaly,0.00019520591013133526,0.00019662236445583403,"['helps', 'two', 'not', 'no', 'not', 'from', 'no', 'with', 'know', 'had', 'same', 'do', 'of', 'really', 'just', 'old', 'work', '[PAD]', '[PAD]', '[PAD]', '[PAD]', '[PAD]', '[PAD]', '[PAD]', '[PAD]']"
talk,3,0,Normal,0.00042503682198002934,0.00042503682198002934,"['[PAD]', '[PAD]', '[PAD]', '[PAD]', '[PAD]', '[PAD]', '[PAD]', '[PAD]', '[PAD]', '[PAD]', '[PAD]', '[PAD]', '[PAD]', '[PAD]', '[PAD]', '[PAD]', '[PAD]', '[PAD]', '[PAD]', '[PAD]', '[PAD]', '[PAD]', '[PAD]', '[PAD]', '[PAD]']"
talk,3,1,Normal,0.00015239062486216426,0.00016695575322955847,"['?', 'kent', '-', 'his', 'been', '?', ';', 'um', ',', '!', '*', '[PAD]', '[PAD]', '[PAD]', '[PAD]', '[PAD]', '[PAD]', '[PAD]', '[PAD]', '[PAD]', '[PAD]', '[PAD]', '[PAD]', '[PAD]', '[PAD]']"
talk,3,2,Normal,0.00022161222295835614,0.00017626196495257318,"['and', 'only', 'want', 'to', 'i', 'that', 'i', 'targeting', 'no', 'that', 'hope', 'this', '[PAD]', '[PAD]', '[PAD]', '[PAD]', '[PAD]', '[PAD]', '[PAD]', '[PAD]', '[PAD]', '[PAD]', '[PAD]', '[PAD]', '[PAD]']"
talk,3,3,Normal,0.000221933180000633,0.00019457581220194697,"['[CLS]', 't', 'felt', 'a', 'lived', ""'"", 'the', ',', 'and', 'whole', ',', '1992', '.', 'the', 'israeli', 'res', 'is', 'and', 'been', 'separate', 'july', 'recognize', 'provided', 'such', ',']"
talk,3,4,Normal,0.00019465613877400756,0.00017589482013136148,"['[CLS]', 'cathy', 'hear', 'smith', 'smith', 'for', 'dinosaurs', 'by', 'the', 'his', 'even', '-', 'we', 'by', 'lying', '-', 'a', 'what', 'the', 'to', '-', 'is', 'neil', 'something', 'winter']"
talk,3,651,Anomaly,0.00020947442681062967,0.00020210530783515424,"['a', 'drive', 'mention', 'is', 'to', 'quantum', 'above', '[PAD]', '[PAD]', '[PAD]', '[PAD]', '[PAD]', '[PAD]', '[PAD]', '[PAD]', '[PAD]', '[PAD]', '[PAD]', '[PAD]', '[PAD]', '[PAD]', '[PAD]', '[PAD]', '[PAD]', '[PAD]']"
talk,3,652,Anomaly,0.00021949794609099627,0.00017379861674271524,"['[CLS]', 'back', 'instinct', 'the', 'the', 'to', 'the', 'and', 'the', 'brake', 'a', 'follow', 'no', 'the', 'a', 'as', '.', 'i', ',', 'if', 'to', 'it', 'when', 'you', 'constantly']"
talk,3,653,Anomaly,0.00026396007160656154,0.00021601241314783692,"['overcome', 'he', 'his', 'son', 'and', 'my', '##s', 'be', 'he', 'inherit', 'and', 'be', 'all', '[PAD]', '[PAD]', '[PAD]', '[PAD]', '[PAD]', '[PAD]', '[PAD]', '[PAD]', '[PAD]', '[PAD]', '[PAD]', '[PAD]']"
talk,3,654,Anomaly,0.00017596549878362566,0.0001351473038084805,"['[CLS]', 'head', '##pit', '##ci', 'and', 'the', 'hiring', 'an', '.', '##s', '*', 'pre', '##ated', 'in', ')', 'and', 'over', 'holders', '5', '.', '?', 'head', '##ffe', 'plus', 'keenan']"
talk,3,655,Anomaly,0.00018702659872360528,0.0001665098243393004,"['or', 'well', 'as', 'the', 'driver', 'a', 'of', 'appreciate', 'the', '##ce', 'as', 'would', '[CLS]', 'a', '##ca', 'functions', 'driver', 'type', 'su', 'for', 'would', 'from', 'used', '[PAD]', '[PAD]']"
talk,4,0,Normal,0.0003209745045751333,0.0003209745045751333,"['[PAD]', '[PAD]', '[PAD]', '[PAD]', '[PAD]', '[PAD]', '[PAD]', '[PAD]', '[PAD]', '[PAD]', '[PAD]', '[PAD]', '[PAD]', '[PAD]', '[PAD]', '[PAD]', '[PAD]', '[PAD]', '[PAD]', '[PAD]', '[PAD]', '[PAD]', '[PAD]', '[PAD]', '[PAD]']"
talk,4,1,Normal,0.0001239701232407242,0.00012220001372043043,"['*', '[PAD]', '[PAD]', '[PAD]', '[PAD]', '[PAD]', '[PAD]', '[PAD]', '[PAD]', '[PAD]', '[PAD]', '[PAD]', '[PAD]', '[PAD]', '[PAD]', '[PAD]', '[PAD]', '[PAD]', '[PAD]', '[PAD]', '[PAD]', '[PAD]', '[PAD]', '[PAD]', '[PAD]']"
talk,4,2,Normal,0.00012026287004118785,0.00012143424828536808,"['##am', 'all', 'that', 'civilians', '[PAD]', '[PAD]', '[PAD]', '[PAD]', '[PAD]', '[PAD]', '[PAD]', '[PAD]', '[PAD]', '[PAD]', '[PAD]', '[PAD]', '[PAD]', '[PAD]', '[PAD]', '[PAD]', '[PAD]', '[PAD]', '[PAD]', '[PAD]', '[PAD]']"
talk,4,3,Normal,9.258188947569579e-05,9.881464939098805e-05,"['felt', 'war', 'such', '.', 'so', 'nationality', 'until', 'se', 'gov', 'think', 'provided', 'input', 'borders', ""'"", 'shaped', 'purposes', 'is', 't', 'peace', 'id', 'passports', '.', 'g', 'of', 'relevant']"
talk,4,4,Normal,9.699120710138232e-05,0.00010409893002361059,"['smith', 'we', 'unpleasant', 'hear', 'by', 'posted', 'smith', 'killed', 'ice', '""', 'possibility', 'smoke', 'by', 'like', 'nuclear', 'is', '.', 'everyone', 'how', 'is', 'more', 'be', 'how', 'and', 'thrown']"
talk,4,651,Anomaly,0.00011705799261108041,0.0001117131978389807,"['sleeve', 'singles', 'following', '45', 'sleeve', 'sale', 'records', 'picture', 'inch', 'boys', 'rpm', 'for', 'capitol', 'sleeve', '21', 'with', '$', '$', '1', 'fun', 'sleeve', 'have', '(', 'fun', ',']"
talk,4,652,Anomaly,0.00012462477025110275,0.00011649138468783349,"['sure', 'tie', ',', '*', '*', '*', 'oh', 'breaker', '*', '*', '*', '*', '*', '*', '*', '*', '*', '*', 'about', '*', '*', '*', ')', '*', '*']"
talk,4,653,Anomaly,0.0001121344103012234,0.00011796253966167569,"['add', 'bottom', 'capitals', 'toilet', 'stall', 'paper', 'emergency', 'easy', '[PAD]', '[PAD]', '[PAD]', '[PAD]', '[PAD]', '[PAD]', '[PAD]', '[PAD]', '[PAD]', '[PAD]', '[PAD]', '[PAD]', '[PAD]', '[PAD]', '[PAD]', '[PAD]', '[PAD]']"
talk,4,654,Anomaly,9.728535951580852e-05,9.472489909967408e-05,"['put', '-', '-', '-', '-', 'another', '-', '-', '-', 'and', '-', 'if', 'read', 'computer', '-', 'reading', '-', 'instead', ""'"", ""'"", '-', '-', '-', '-', 'so']"
talk,4,655,Anomaly,9.132176637649536e-05,9.692744788480923e-05,"['eh', 'roll', '##play', 'soft', 'joe', 'be', 'san', 'rum', 'fired', 'replace', '[PAD]', '[PAD]', '[PAD]', '[PAD]', '[PAD]', '[PAD]', '[PAD]', '[PAD]', '[PAD]', '[PAD]', '[PAD]', '[PAD]', '[PAD]', '[PAD]', '[PAD]']"
